part,field,sample
proemio,número de escritura,"...PROTOCOLO ORDINARIO. XGT*PQRS*ZKJL “M” CINCO MIL CUATROCIENTOS VEINTIDÓS. GUADALAJARA, JALISCO -> CINCO MIL CUATROCIENTOS VEINTIDÓS"
proemio,número de escritura,"...PROTOCOLO ORDINARIO. LWM*QYTV*BNMX “J” NOVENTA Y NUEVE MIL TRESCIENTOS OCHENTA Y UNO. MONTERREY, NUEVO LEÓN -> NOVENTA Y NUEVE MIL TRESCIENTOS OCHENTA Y UNO"
proemio,número de escritura,"...PROTOCOLO ORDINARIO. KDR*VXPL*HFTQ “A” CATORCE MIL DOSCIENTOS CINCUENTA Y NUEVE. PUEBLA, PUEBLA -> CATORCE MIL DOSCIENTOS CINCUENTA Y NUEVE"
proemio,número de escritura,"...PROTOCOLO ORDINARIO. MZN*RWXK*QJLP “S” SESENTA Y SIETE MIL OCHENTA Y CUATRO. TIJUANA, BAJA CALIFORNIA -> SESENTA Y SIETE MIL OCHENTA Y CUATRO"
proemio,número de escritura,"...PROTOCOLO ORDINARIO. BVT*LQMP*XNFZ “P” OCHO MIL NOVECIENTOS TREINTA Y DOS. CIUDAD JUÁREZ, CHIHUAHUA -> OCHO MIL NOVECIENTOS TREINTA Y DOS"
proemio,número de escritura,"...PROTOCOLO ORDINARIO. JXD*KMRT*VZPQ “G” VEINTICINCO MIL SETECIENTOS DIECISIETE. LEÓN, GUANAJUATO -> VEINTICINCO MIL SETECIENTOS DIECISIETE"
proemio,número de escritura,"...PROTOCOLO ORDINARIO. ZWN*XYLP*QJTR “T” CUARENTA Y CUATRO MIL OCHOCIENTOS CINCUENTA Y SEIS. CANCÚN, QUINTANA ROO -> CUARENTA Y CUATRO MIL OCHOCIENTOS CINCUENTA Y SEIS"
proemio,número de escritura,"...PROTOCOLO ORDINARIO. QMP*JZRV*KLXN “B” NOVENTA Y UN MIL SEISCIENTOS TREINTA Y CINCO. MÉRIDA, YUCATÁN -> NOVENTA Y UN MIL SEISCIENTOS TREINTA Y CINCO"
proemio,número de escritura,"...PROTOCOLO ORDINARIO. FTR*PXKM*ZJQL “Y” DIECISIETE MIL DOSCIENTOS NOVENTA Y UNO. VERACRUZ, VERACRUZ -> DIECISIETE MIL DOSCIENTOS NOVENTA Y UNO"
proemio,número de escritura,"...PROTOCOLO ORDINARIO. VXQ*LZNP*RMKT “O” SESENTA Y DOS MIL QUINIENTOS OCHO. ZACATECAS, ZACATECAS -> SESENTA Y DOS MIL QUINIENTOS OCHO"
proemio,número de escritura,"...PROTOCOLO ORDINARIO. JKM*ZRLP*TVXQ “C” CINCUENTA Y TRES MIL SEISCIENTOS CUARENTA Y CUATRO. MORELIA, MICHOACÁN -> CINCUENTA Y TRES MIL SEISCIENTOS CUARENTA Y CUATRO"
proemio,número de escritura,"...PROTOCOLO ORDINARIO. QLP*VXNJ*RTZM “E” TREINTA Y OCHO MIL NOVECIENTOS DIECINUEVE. AGUASCALIENTES, AGUASCALIENTES -> TREINTA Y OCHO MIL NOVECIENTOS DIECINUEVE"
proemio,número de escritura,"...PROTOCOLO ORDINARIO. NXJ*PKMT*RZQL “D” CUARENTA Y UN MIL DOSCIENTOS OCHENTA Y CINCO. HERMOSILLO, SONORA -> CUARENTA Y UN MIL DOSCIENTOS OCHENTA Y CINCO"
proemio,número de escritura,"...PROTOCOLO ORDINARIO. TZR*MLPQ*XKVN “F” OCHENTA Y SIETE MIL SEISCIENTOS NOVENTA Y OCHO. CULIACÁN, SINALOA -> OCHENTA Y SIETE MIL SEISCIENTOS NOVENTA Y OCHO"
proemio,número de escritura,"...PROTOCOLO ORDINARIO. PQL*JXRM*KNTZ “H” DOCE MIL CUATROCIENTOS CINCUENTA Y TRES. CHETUMAL, QUINTANA ROO -> DOCE MIL CUATROCIENTOS CINCUENTA Y TRES"
proemio,número de escritura,"...PROTOCOLO ORDINARIO. XMV*JLPQ*ZRTN “N” SETENTA Y CINCO MIL CIENTO TREINTA Y DOS. SALTILLO, COAHUILA -> SETENTA Y CINCO MIL CIENTO TREINTA Y DOS"
proemio,número de escritura,"...PROTOCOLO ORDINARIO. RKP*LZVX*JMTQ “I” QUINCE MIL OCHOCIENTOS NOVENTA Y CUATRO. SAN LUIS POTOSÍ, SAN LUIS POTOSÍ -> QUINCE MIL OCHOCIENTOS NOVENTA Y CUATRO"
proemio,número de escritura,"...PROTOCOLO ORDINARIO. ZLQ*XRTN*MPJK “K” OCHENTA Y DOS MIL CUATROCIENTOS VEINTIUNO. VILLAHERMOSA, TABASCO -> OCHENTA Y DOS MIL CUATROCIENTOS VEINTIUNO"
proemio,número de escritura,"...PROTOCOLO ORDINARIO. QMT*LZRP*VXKJ “L” VEINTE MIL QUINIENTOS TREINTA Y SIETE. TLAXCALA, TLAXCALA -> VEINTE MIL QUINIENTOS TREINTA Y SIETE"
proemio,número de escritura,"...PROTOCOLO ORDINARIO. PJL*XKMT*VRQN “U” TRECE MIL NOVECIENTOS SETENTA Y OCHO. XALAPA, VERACRUZ -> TRECE MIL NOVECIENTOS SETENTA Y OCHO"
proemio,número de escritura,"...PROTOCOLO ORDINARIO. XKP*JLRT*MVQZ “V” SETENTA Y NUEVE MIL DOSCIENTOS CINCUENTA Y UNO. LA PAZ, BAJA CALIFORNIA SUR -> SETENTA Y NUEVE MIL DOSCIENTOS CINCUENTA Y UNO"
proemio,número de escritura,"...PROTOCOLO ORDINARIO. LZQ*KMVX*JTRP “W” DIECINUEVE MIL QUINIENTOS OCHENTA Y DOS. OAXACA, OAXACA -> DIECINUEVE MIL QUINIENTOS OCHENTA Y DOS"
proemio,número de escritura,"...PROTOCOLO ORDINARIO. MPT*XLZQ*JVNR “X” TREINTA Y SEIS MIL SETECIENTOS TREINTA Y CUATRO. TOLUCA, ESTADO DE MÉXICO -> TREINTA Y SEIS MIL SETECIENTOS TREINTA Y CUATRO"
proemio,número de escritura,"...PROTOCOLO ORDINARIO. RKM*ZLPX*QTJN “Z” CINCUENTA Y SIETE MIL OCHOCIENTOS NOVENTA Y NUEVE. QUERÉTARO, QUERÉTARO -> CINCUENTA Y SIETE MIL OCHOCIENTOS NOVENTA Y NUEVE"
proemio,número de escritura,"...PROTOCOLO ORDINARIO. QVP*XKLT*MZRN “A” NOVENTA Y SEIS MIL CIENTO VEINTITRÉS. TAPACHULA, CHIAPAS -> NOVENTA Y SEIS MIL CIENTO VEINTITRÉS"
proemio,número de escritura,"...PROTOCOLO ORDINARIO. JLP*XRKM*ZTVQ “B” DIECIOCHO MIL SEISCIENTOS CUARENTA Y SEIS. ENSENADA, BAJA CALIFORNIA -> DIECIOCHO MIL SEISCIENTOS CUARENTA Y SEIS"
proemio,fecha de escritura,"Monterrey, Nuevo León, a veinticinco de abril del mil novecientos sesenta y cinco -> veinticinco de abril del mil novecientos sesenta y cinco"
proemio,fecha de escritura,"Guadalajara, Jalisco, a doce de octubre del mil novecientos setenta -> doce de octubre del mil novecientos setenta"
proemio,fecha de escritura,"Mérida, Yucatán, a siete de marzo del mil novecientos setenta y ocho -> siete de marzo del mil novecientos setenta y ocho"
proemio,fecha de escritura,"Puebla, Puebla, a quince de agosto del mil novecientos ochenta y dos -> quince de agosto del mil novecientos ochenta y dos"
proemio,fecha de escritura,"Tijuana, Baja California, a veintinueve de noviembre del mil novecientos ochenta y nueve -> veintinueve de noviembre del mil novecientos ochenta y nueve"
proemio,fecha de escritura,"León, Guanajuato, a tres de febrero del mil novecientos noventa y cinco -> tres de febrero del mil novecientos noventa y cinco"
proemio,fecha de escritura,"San Luis Potosí, San Luis Potosí, a diecisiete de julio del dos mil -> diecisiete de julio del dos mil"
proemio,fecha de escritura,"Culiacán, Sinaloa, a cuatro de septiembre del dos mil cinco -> cuatro de septiembre del dos mil cinco"
proemio,fecha de escritura,"Toluca, Estado de México, a veinte de junio del dos mil diez -> veinte de junio del dos mil diez"
proemio,fecha de escritura,"Morelia, Michoacán, a treinta y uno de diciembre del dos mil doce -> treinta y uno de diciembre del dos mil doce"
proemio,fecha de escritura,"Querétaro, Querétaro, a dieciséis de enero del dos mil diecisiete -> dieciséis de enero del dos mil diecisiete"
proemio,fecha de escritura,"Cancún, Quintana Roo, a nueve de mayo del dos mil dieciocho -> nueve de mayo del dos mil dieciocho"
proemio,fecha de escritura,"Chihuahua, Chihuahua, a veintitrés de agosto del dos mil diecinueve -> veintitrés de agosto del dos mil diecinueve"
proemio,fecha de escritura,"Tuxtla Gutiérrez, Chiapas, a quince de marzo del dos mil veinte -> quince de marzo del dos mil veinte"
proemio,fecha de escritura,"Aguascalientes, Aguascalientes, a uno de julio del dos mil veintiuno -> uno de julio del dos mil veintiuno"
proemio,fecha de escritura,"Hermosillo, Sonora, a trece de noviembre del dos mil veintidós -> trece de noviembre del dos mil veintidós"
proemio,fecha de escritura,"Veracruz, Veracruz, a veintiocho de febrero del dos mil veintitrés -> veintiocho de febrero del dos mil veintitrés"
proemio,fecha de escritura,"Oaxaca, Oaxaca, a diez de abril del dos mil veinticuatro -> diez de abril del dos mil veinticuatro"
proemio,fecha de escritura,"Mexicali, Baja California, a veintiséis de enero del dos mil veinticinco -> veintiséis de enero del dos mil veinticinco"
proemio,fecha de escritura,"Saltillo, Coahuila, a uno de marzo del dos mil veinticinco -> uno de marzo del dos mil veinticinco"
proemio,fecha de escritura,"Campeche, Campeche, a veinticinco de mayo del dos mil diez -> veinticinco de mayo del dos mil diez"
proemio,fecha de escritura,"Tepic, Nayarit, a catorce de junio del dos mil ocho -> catorce de junio del dos mil ocho"
proemio,fecha de escritura,"Zacatecas, Zacatecas, a veintidós de febrero del dos mil siete -> veintidós de febrero del dos mil siete"
proemio,fecha de escritura,"Villahermosa, Tabasco, a diecinueve de agosto del dos mil once -> diecinueve de agosto del dos mil once"
proemio,fecha de escritura,"Colima, Colima, a tres de noviembre del dos mil quince -> tres de noviembre del dos mil quince"
proemio,fecha de escritura,"Durango, Durango, a cinco de enero del dos mil seis -> cinco de enero del dos mil seis"
proemio,fecha de escritura,"La Paz, Baja California Sur, a veintiuno de diciembre del dos mil dieciséis -> veintiuno de diciembre del dos mil dieciséis"
proemio,fecha de escritura,"Cuernavaca, Morelos, a veinticuatro de julio del dos mil nueve -> veinticuatro de julio del dos mil nueve"
proemio,fecha de escritura,"Tlaxcala, Tlaxcala, a dieciséis de abril del dos mil catorce -> dieciséis de abril del dos mil catorce"
proemio,fecha de escritura,"Chilpancingo, Guerrero, a once de octubre del dos mil trece -> once de octubre del dos mil trece"
proemio,fecha de escritura,"Matamoros, Tamaulipas, a nueve de febrero del dos mil diecinueve -> nueve de febrero del dos mil diecinueve"
proemio,fecha de escritura,"Ensenada, Baja California, a catorce de junio del dos mil veinte -> catorce de junio del dos mil veinte"
proemio,fecha de escritura,"Fresnillo, Zacatecas, a veintitrés de septiembre del dos mil veintiuno -> veintitrés de septiembre del dos mil veintiuno"
proemio,fecha de escritura,"Apodaca, Nuevo León, a dieciocho de marzo del dos mil dieciocho -> dieciocho de marzo del dos mil dieciocho"
proemio,fecha de escritura,"Irapuato, Guanajuato, a veintisiete de mayo del dos mil diecisiete -> veintisiete de mayo del dos mil diecisiete"
proemio,fecha de escritura,"Puerto Vallarta, Jalisco, a veintinueve de octubre del dos mil veintidós -> veintinueve de octubre del dos mil veintidós"
proemio,fecha de escritura,"Coatzacoalcos, Veracruz, a veinticuatro de agosto del dos mil veinte -> veinticuatro de agosto del dos mil veinte"
proemio,fecha de escritura,"Carmen, Campeche, a uno de noviembre del dos mil diecisiete -> uno de noviembre del dos mil diecisiete"
proemio,fecha de escritura,"Celaya, Guanajuato, a cinco de julio del dos mil veinticuatro -> cinco de julio del dos mil veinticuatro"
proemio,fecha de escritura,"Tehuacán, Puebla, a trece de septiembre del dos mil veinticinco -> trece de septiembre del dos mil veinticinco"
proemio,fecha de escritura,"San Juan del Río, Querétaro, a veintiocho de febrero del dos mil veintiséis -> veintiocho de febrero del dos mil veintiséis"
proemio,fecha de escritura,"Tapachula, Chiapas, a seis de abril del dos mil veintisiete -> seis de abril del dos mil veintisiete"
proemio,fecha de escritura,"Delicias, Chihuahua, a diecisiete de octubre del dos mil veintiocho -> diecisiete de octubre del dos mil veintiocho"
proemio,fecha de escritura,"Acapulco, Guerrero, a veintiuno de enero del dos mil veintinueve -> veintiuno de enero del dos mil veintinueve"
proemio,fecha de escritura,"Ciudad Victoria, Tamaulipas, a catorce de mayo del dos mil treinta -> catorce de mayo del dos mil treinta"
proemio,fecha de escritura,"Tulancingo, Hidalgo, a veintiséis de junio del dos mil treinta y uno -> veintiséis de junio del dos mil treinta y uno"
proemio,fecha de escritura,"Chetumal, Quintana Roo, a treinta de noviembre del dos mil treinta y dos -> treinta de noviembre del dos mil treinta y dos"
proemio,fecha de escritura,"Poza Rica, Veracruz, a dieciséis de diciembre del dos mil treinta y tres -> dieciséis de diciembre del dos mil treinta y tres"
proemio,fecha de escritura,"Uruapan, Michoacán, a veintisiete de enero del dos mil treinta y cuatro -> veintisiete de enero del dos mil treinta y cuatro"
proemio,fecha de escritura,"Xalapa, Veracruz, a once de marzo del dos mil treinta y cinco -> once de marzo del dos mil treinta y cinco"
proemio,notario,"Licenciado José Manuel Herrera Domínguez, Titular de la Notaría... hago constar -> José Manuel Herrera Domínguez"
proemio,notario,"Licenciada Ana Sofía Márquez del Valle, Titular de la Notaría... hago contar -> Ana Sofía Márquez del Valle"
proemio,notario,"Yo, el Licenciado Carlos Eduardo Ramírez Fuentes, Titular de la Notaría... hago constar -> Carlos Eduardo Ramírez Fuentes"
proemio,notario,"Licenciada María Fernanda Gómez de la Torre, Titular de la Notaría... hago constar -> María Fernanda Gómez de la Torre"
proemio,notario,"Licenciado Luis Alberto Sánchez Rojas, Titular de la Notaría... hago constar -> Luis Alberto Sánchez Rojashago"
proemio,notario,"Licenciada Gabriela del Carmen Paredes Escalante, Titular de la Notaría... hago constar→ Gabriela del Carmen Paredes Escalantehago"
proemio,notario,"Licenciado Juan Pablo Rodríguez Velázquez, Titular de la Notaría... hago constar - > Juan Pablo Rodríguez Velázquezhago"
proemio,notario,"Licenciada Silvia Beatriz Camargo Suárez, Titular de la Notaría… hago constar -> Silvia Beatriz Camargo Suárezhago"
proemio,notario,"Yo, el Licenciado Ricardo Montes de Oca López, Titular de la Notaría... hago constar -> Ricardo Montes de Oca Lópezhago"
proemio,notario,"Licenciada Patricia Alejandra Benítez Romero, Titular de la Notaría... consto -> Patricia Alejandra Benítez Romerohago"
proemio,notario,"Licenciado Fernando José Aguilar Espinoza, Titular de la Notaría... consto -> Fernando José Aguilar Espinozahago"
proemio,notario,"Licenciada Diana Carolina Méndez del Río, Titular de la Notaría... hago constar -> Diana Carolina Méndez del Ríohago"
proemio,notario,"Licenciado Ernesto Javier Bautista Lozano, Titular de la Notaría... hago constar -> Ernesto Javier Bautista Lozanohago"
proemio,notario,"Licenciada Mónica Esther Reyes Gutiérrez, Titular de la Notaría... hago constar -> Mónica Esther Reyes Gutiérrezhago"
proemio,notario,"Licenciado Jorge Andrés Torres de la Vega, Titular de la Notaría... hago constar -> Jorge Andrés Torres de la Vegahago"
proemio,notario,"Licenciada Beatriz Elena Ortega Pacheco, Titular de la Notaría... hago constar -> Beatriz Elena Ortega Pachecohago"
proemio,notario,"Yo, el Licenciado Emilio Rafael Castañeda Mendoza, Titular de la Notaría... hago constar -> Emilio Rafael Castañeda Mendozahago"
proemio,notario,"Licenciada Rocío del Pilar Vargas Núñez, Titular de la Notaría... hago constar -> Rocío del Pilar Vargas Núñezhago constar"
proemio,notario,"Licenciado Alejandro Sebastián Pérez de León, Titular de la Notaría... hago constar -> Alejandro Sebastián Pérez de Leónhago"
proemio,notario,"Licenciada Valeria Montserrat Ibarra Córdova, Titular de la Notaría... hago constar -> Valeria Montserrat Ibarra Córdovahago"
proemio,notario,"Licenciado Juan Carlos Herrera Ramírez, Titular de la Notaría... hago constar -> Juan Carlos Herrera Ramírez"
proemio,notario,"Licenciada Ana Lucía Montes de Oca, Titular de la Notaría... hago constar -> Ana Lucía Montes de Oca"
proemio,notario,"Yo, el Licenciado Roberto Eduardo Salgado Pérez, Titular de la Notaría... hago constar -> Roberto Eduardo Salgado Pérez"
proemio,notario,"Licenciada Fernanda Isabel Castillo Torres, Titular de la Notaría... hago constar -> Fernanda Isabel Castillo Torres"
proemio,notario,"Licenciado Martín Alejandro Gómez Esquivel, Titular de la Notaría... hago constar -> Martín Alejandro Gómez Esquivel"
proemio,notario,"Licenciada Gabriela Estefanía Ortega Domínguez, Titular de la Notaría... hago constar -> Gabriela Estefanía Ortega Domínguez"
proemio,notario,"Licenciado Francisco Javier Ramírez Pacheco, Titular de la Notaría... hago constar -> Francisco Javier Ramírez Pacheco"
proemio,notario,"Licenciada Silvia Andrea Mendoza López, Titular de la Notaría... hago constar -> Silvia Andrea Mendoza López"
proemio,notario,"Yo, el Licenciado Ricardo Antonio Vargas Martínez, Titular de la Notaría... hago constar -> Ricardo Antonio Vargas Martínez"
proemio,notario,"Licenciada Patricia Alejandra Rosales Méndez, Titular de la Notaría... hago constar -> Patricia Alejandra Rosales Méndez"
proemio,notario,"Licenciado Fernando Enrique Soto Aguilar, Titular de la Notaría... hago constar -> Fernando Enrique Soto Aguilar"
proemio,notario,"Licenciada Diana Laura Espinoza Reyes, Titular de la Notaría... hago constar -> Diana Laura Espinoza Reyes"
proemio,notario,"Licenciado Ernesto Manuel Bautista Ochoa, Titular de la Notaría... hago constar -> Ernesto Manuel Bautista Ochoa"
proemio,notario,"Licenciada Mónica Adriana Rodríguez Gutiérrez, Titular de la Notaría... hago constar -> Mónica Adriana Rodríguez Gutiérrez"
proemio,notario,"Licenciado Jorge Luis Álvarez Fernández, Titular de la Notaría... hago constar -> Jorge Luis Álvarez Fernández"
proemio,notario,"Licenciada Beatriz Elena Ponce de León, Titular de la Notaría... hago constar -> Beatriz Elena Ponce de León"
proemio,notario,"Yo, el Licenciado Emilio Andrés Castañeda Ramos, Titular de la Notaría... hago constar -> Emilio Andrés Castañeda Ramos"
proemio,notario,"Licenciada Rocío Fernanda Núñez Camacho, Titular de la Notaría... hago constar -> Rocío Fernanda Núñez Camacho"
proemio,notario,"Licenciado Alejandro Marcos Pérez Estrada, Titular de la Notaría... hago constar -> Alejandro Marcos Pérez Estrada"
proemio,notario,"Licenciada Valeria Montserrat Ruiz Córdova, Titular de la Notaría... hago constar -> Valeria Montserrat Ruiz Córdova"
proemio,notario,"Licenciado Manuel José Herrera Domínguez, Titular de la Notaría... hago constar -> Manuel José Herrera Domínguez"
proemio,notario,"Licenciada Ana Sofía Villalobos Ramírez, Titular de la Notaría... hago constar -> Ana Sofía Villalobos Ramírez"
proemio,notario,"Yo, el Licenciado Eduardo Sebastián Torres Fuentes, Titular de la Notaría... hago constar -> Eduardo Sebastián Torres Fuentes"
proemio,notario,"Licenciada María Fernanda Morales Gómez, Titular de la Notaría... hago constar -> María Fernanda Morales Gómez"
proemio,notario,"Licenciado Luis Antonio Salazar Rojas, Titular de la Notaría... hago constar -> Luis Antonio Salazar Rojas"
proemio,número de notaría,"... de la Notaría Número Once de Guadalajara, Jalisco ... **hago constar** -> Once"
proemio,número de notaría,"... de la Notaría Número Cincuenta de Monterrey, Nuevo León ... **hago constar** -> Cincuenta"
proemio,número de notaría,"... de la Notaría Número Treinta y Cuatro de Mérida, Yucatán ... **hago constar** -> Treinta y Cuatro"
proemio,número de notaría,"... de la Notaría Número Setenta y Dos de Tijuana, Baja California ... **hago constar** -> Setenta y Dos"
proemio,número de notaría,"... de la Notaría Número Diecinueve de Puebla, Puebla ... **hago constar** -> Diecinueve"
proemio,número de notaría,"... de la Notaría Número Sesenta y Uno de Toluca, Estado de México ... **hago constar** -> Sesenta y Uno"
proemio,número de notaría,"... de la Notaría Número Veintisiete de León, Guanajuato ... **hago constar** -> Veintisiete"
proemio,número de notaría,"... de la Notaría Número Cuarenta y Nueve de Cancún, Quintana Roo ... **hago constar** -> Cuarenta y Nueve"
proemio,número de notaría,"... de la Notaría Número Ochenta de Hermosillo, Sonora ... **hago constar** -> Ochenta"
proemio,número de notaría,"... de la Notaría Número Trece de Aguascalientes, Aguascalientes ... **hago constar** -> Trece"
proemio,número de notaría,"... de la Notaría Número Veintiséis de Oaxaca, Oaxaca ... **hago constar** -> Veintiséis"
proemio,número de notaría,"... de la Notaría Número Noventa y Uno de Tuxtla Gutiérrez, Chiapas ... **hago constar** -> Noventa y Uno"
proemio,número de notaría,"... de la Notaría Número Cincuenta y Cuatro de San Luis Potosí, San Luis Potosí ... **hago constar** -> Cincuenta y Cuatro"
proemio,número de notaría,"... de la Notaría Número Treinta y Seis de Culiacán, Sinaloa ... **hago constar** -> Treinta y Seis"
proemio,número de notaría,"... de la Notaría Número Setenta y Cinco de Morelia, Michoacán ... **hago constar** -> Setenta y Cinco"
proemio,número de notaría,"... de la Notaría Número Cincuenta y Nueve de Querétaro, Querétaro ... **hago constar** -> Cincuenta y Nueve"
proemio,número de notaría,"... de la Notaría Número Dieciséis de Xalapa, Veracruz ... **hago constar** -> Dieciséis"
proemio,número de notaría,"... de la Notaría Número Nueve de Villahermosa, Tabasco ... **hago constar** -> Nueve"
proemio,número de notaría,"... de la Notaría Número Treinta y Siete de Zacatecas, Zacatecas ... **hago constar** -> Treinta y Siete"
proemio,número de notaría,"... de la Notaría Número Veinte de Campeche, Campeche ... **hago constar** -> Veinte"
proemio,número de notaría,"... de la Notaría Número Cuarenta y Tres de Saltillo, Coahuila ... **hago constar** -> Cuarenta y Tres"
proemio,número de notaría,"... de la Notaría Número Setenta y Siete de Chetumal, Quintana Roo ... **hago constar** -> Setenta y Siete"
proemio,número de notaría,"... de la Notaría Número Cinco de La Paz, Baja California Sur ... **hago constar** -> Cinco"
proemio,número de notaría,"... de la Notaría Número Cincuenta y Siete de Chihuahua, Chihuahua ... **hago constar** -> Cincuenta y Siete"
proemio,número de notaría,"... de la Notaría Número Veintinueve de Tepic, Nayarit ... **hago constar** -> Veintinueve"
proemio,número de notaría,"... de la Notaría Número Ochenta y Siete de Colima, Colima ... **hago constar** -> Ochenta y Siete"
proemio,número de notaría,"... de la Notaría Número Sesenta y Cinco de Durango, Durango ... **hago constar** -> Sesenta y Cinco"
proemio,número de notaría,"... de la Notaría Número Catorce de Cuernavaca, Morelos ... **hago constar** -> Catorce"
proemio,número de notaría,"... de la Notaría Número Diez de Tlaxcala, Tlaxcala ... **hago constar** -> Diez"
proemio,número de notaría,"... de la Notaría Número Noventa y Cuatro de Pachuca, Hidalgo ... **hago constar** -> Noventa y Cuatro"
proemio,número de notaría,"... de la Notaría Número Diecisiete de Guadalajara, Jalisco ... **hago constar** -> Diecisiete"
proemio,número de notaría,"... de la Notaría Número Veinticinco de Monterrey, Nuevo León ... **hago constar** -> Veinticinco"
proemio,número de notaría,"... de la Notaría Número Cincuenta y Seis de Mérida, Yucatán ... **hago constar** -> Cincuenta y Seis"
proemio,número de notaría,"... de la Notaría Número Treinta y Ocho de Tijuana, Baja California ... **hago constar** -> Treinta y Ocho"
proemio,número de notaría,"... de la Notaría Número Sesenta y Cuatro de Puebla, Puebla ... **hago constar** -> Sesenta y Cuatro"
proemio,número de notaría,"... de la Notaría Número Doce de Toluca, Estado de México ... **hago constar** -> Doce"
proemio,número de notaría,"... de la Notaría Número Cuarenta de León, Guanajuato ... **hago constar** -> Cuarenta"
proemio,número de notaría,"... de la Notaría Número Setenta y Uno de Cancún, Quintana Roo ... **hago constar** -> Setenta y Uno"
proemio,número de notaría,"... de la Notaría Número Ochenta y Cuatro de Hermosillo, Sonora ... **hago constar** -> Ochenta y Cuatro"
proemio,número de notaría,"... de la Notaría Número Quince de Aguascalientes, Aguascalientes ... **hago constar** -> Quince"
proemio,número de notaría,"... de la Notaría Número Veintidós de Oaxaca, Oaxaca ... **hago constar** -> Veintidós"
proemio,número de notaría,"... de la Notaría Número Noventa y Nueve de Tuxtla Gutiérrez, Chiapas ... **hago constar** -> Noventa y Nueve"
proemio,número de notaría,"... de la Notaría Número Cuarenta y Seis de San Luis Potosí, San Luis Potosí ... **hago constar** -> Cuarenta y Seis"
proemio,número de notaría,"... de la Notaría Número Treinta y Uno de Culiacán, Sinaloa ... **hago constar** -> Treinta y Uno"
proemio,número de notaría,"... de la Notaría Número Sesenta y Ocho de Morelia, Michoacán ... **hago constar** -> Sesenta y Ocho"
proemio,número de notaría,"... de la Notaría Número Cincuenta y Dos de Querétaro, Querétaro ... **hago constar** -> Cincuenta y Dos"
proemio,número de notaría,"... de la Notaría Número Setenta y Nueve de Xalapa, Veracruz ... **hago constar** -> Setenta y Nueve"
proemio,número de notaría,"... de la Notaría Número Ocho de Villahermosa, Tabasco ... **hago constar** -> Ocho"
proemio,número de notaría,"... de la Notaría Número Treinta y Cinco de Zacatecas, Zacatecas ... **hago constar** -> Treinta y Cinco"
proemio,número de notaría,"... de la Notaría Número Catorce de Campeche, Campeche ... **hago constar** -> Catorce"
proemio,lugar de la notaría,... de la Notaría Número Uno de Ciudad de México ... **hago constar** -> Ciudad de México
proemio,lugar de la notaría,... de la Notaría Número Dos de Ciudad de México ... **hago constar** -> Ciudad de México
proemio,lugar de la notaría,... de la Notaría Número Tres de Ciudad de México ... **hago constar** -> Ciudad de México
proemio,lugar de la notaría,... de la Notaría Número Cuatro de Ciudad de México ... **hago constar** -> Ciudad de México
proemio,lugar de la notaría,... de la Notaría Número Cinco de Ciudad de México ... **hago constar** -> Ciudad de México
proemio,lugar de la notaría,... de la Notaría Número Seis de Ciudad de México ... **hago constar** -> Ciudad de México
proemio,lugar de la notaría,... de la Notaría Número Siete de Ciudad de México ... **hago constar** -> Ciudad de México
proemio,lugar de la notaría,... de la Notaría Número Ocho de Ciudad de México ... **hago constar** -> Ciudad de México
proemio,lugar de la notaría,... de la Notaría Número Nueve de Ciudad de México ... **hago constar** -> Ciudad de México
proemio,lugar de la notaría,... de la Notaría Número Diez de Ciudad de México ... **hago constar** -> Ciudad de México
proemio,lugar de la notaría,... de la Notaría Número Once del Distrito Federal ... **hago constar** -> Distrito Federal (ahora Ciudad de México)
proemio,lugar de la notaría,... de la Notaría Número Doce del Distrito Federal ... **hago constar** -> Distrito Federal (ahora Ciudad de México)
proemio,lugar de la notaría,... de la Notaría Número Trece del Distrito Federal ... **hago constar** -> Distrito Federal (ahora Ciudad de México)
proemio,lugar de la notaría,... de la Notaría Número Catorce del Distrito Federal ... **hago constar** -> Distrito Federal (ahora Ciudad de México)
proemio,lugar de la notaría,... de la Notaría Número Quince del Distrito Federal ... **hago constar** -> Distrito Federal (ahora Ciudad de México)
proemio,lugar de la notaría,... de la Notaría Número Dieciséis del Distrito Federal ... **hago constar** -> Distrito Federal (ahora Ciudad de México)
proemio,lugar de la notaría,... de la Notaría Número Diecisiete del Distrito Federal ... **hago constar** -> Distrito Federal (ahora Ciudad de México)
proemio,lugar de la notaría,... de la Notaría Número Dieciocho del Distrito Federal ... **hago constar** -> Distrito Federal (ahora Ciudad de México)
proemio,lugar de la notaría,... de la Notaría Número Diecinueve del Distrito Federal ... **hago constar** -> Distrito Federal (ahora Ciudad de México)
proemio,lugar de la notaría,... de la Notaría Número Veinte del Distrito Federal ... **hago constar** -> Distrito Federal (ahora Ciudad de México)
proemio,lugar de la notaría,"... de la Notaría Número Doce del Distrito Judicial de Guadalajara, Jalisco ... **hago constar** -> Distrito Judicial de Guadalajara, Jalisco"
proemio,lugar de la notaría,"... de la Notaría Número Cincuenta y Ocho del Distrito Judicial de Monterrey, Nuevo León ... **hago constar** -> Distrito Judicial de Monterrey, Nuevo León"
proemio,lugar de la notaría,"... de la Notaría Número Treinta y Cuatro del Distrito Judicial de Mérida, Yucatán ... **hago constar** -> Distrito Judicial de Mérida, Yucatán"
proemio,lugar de la notaría,"... de la Notaría Número Setenta y Dos del Distrito Judicial de Tijuana, Baja California ... **hago constar** -> Distrito Judicial de Tijuana, Baja California"
proemio,lugar de la notaría,"... de la Notaría Número Diecinueve del Distrito Judicial de Puebla, Puebla ... **hago constar** -> Distrito Judicial de Puebla, Puebla"
proemio,lugar de la notaría,"... de la Notaría Número Sesenta y Uno del Distrito Judicial de Toluca, Estado de México ... **hago constar** -> Distrito Judicial de Toluca, Estado de México"
proemio,lugar de la notaría,"... de la Notaría Número Veintisiete del Distrito Judicial de León, Guanajuato ... **hago constar** -> Distrito Judicial de León, Guanajuato"
proemio,lugar de la notaría,"... de la Notaría Número Cuarenta y Nueve del Distrito Judicial de Cancún, Quintana Roo ... **hago constar** -> Distrito Judicial de Cancún, Quintana Roo"
proemio,lugar de la notaría,"... de la Notaría Número Ochenta del Distrito Judicial de Hermosillo, Sonora ... **hago constar** -> Distrito Judicial de Hermosillo, Sonora"
proemio,lugar de la notaría,"... de la Notaría Número Trece del Distrito Judicial de Aguascalientes, Aguascalientes ... **hago constar** -> Distrito Judicial de Aguascalientes, Aguascalientes"
proemio,lugar de la notaría,"... de la Notaría Número Veintiséis del Distrito Judicial de Oaxaca, Oaxaca ... **hago constar** -> Distrito Judicial de Oaxaca, Oaxaca"
proemio,lugar de la notaría,"... de la Notaría Número Noventa y Uno del Distrito Judicial de Tuxtla Gutiérrez, Chiapas ... **hago constar** -> Distrito Judicial de Tuxtla Gutiérrez, Chiapas"
proemio,lugar de la notaría,"... de la Notaría Número Cincuenta y Cuatro del Distrito Judicial de San Luis Potosí, San Luis Potosí ... **hago constar** -> Distrito Judicial de San Luis Potosí, San Luis Potosí"
proemio,lugar de la notaría,"... de la Notaría Número Treinta y Seis del Distrito Judicial de Culiacán, Sinaloa ... **hago constar** -> Distrito Judicial de Culiacán, Sinaloa"
proemio,lugar de la notaría,"... de la Notaría Número Setenta y Cinco del Distrito Judicial de Morelia, Michoacán ... **hago constar** -> Distrito Judicial de Morelia, Michoacán"
proemio,lugar de la notaría,"... de la Notaría Número Cincuenta y Nueve del Distrito Judicial de Querétaro, Querétaro ... **hago constar** -> Distrito Judicial de Querétaro, Querétaro"
proemio,lugar de la notaría,"... de la Notaría Número Dieciséis del Distrito Judicial de Xalapa, Veracruz ... **hago constar** -> Distrito Judicial de Xalapa, Veracruz"
proemio,lugar de la notaría,"... de la Notaría Número Nueve del Distrito Judicial de Villahermosa, Tabasco ... **hago constar** -> Distrito Judicial de Villahermosa, Tabasco"
proemio,lugar de la notaría,"... de la Notaría Número Treinta y Siete del Distrito Judicial de Zacatecas, Zacatecas ... **hago constar** -> Distrito Judicial de Zacatecas, Zacatecas"
proemio,lugar de la notaría,"... de la Notaría Número Veinte del Distrito Judicial de Campeche, Campeche ... **hago constar** -> Distrito Judicial de Campeche, Campeche"
proemio,lugar de la notaría,"... de la Notaría Número Cuarenta y Tres del Distrito Judicial de Saltillo, Coahuila ... **hago constar** -> Distrito Judicial de Saltillo, Coahuila"
proemio,lugar de la notaría,"... de la Notaría Número Setenta y Siete del Distrito Judicial de Chetumal, Quintana Roo ... **hago constar** -> Distrito Judicial de Chetumal, Quintana Roo"
proemio,lugar de la notaría,"... de la Notaría Número Cinco del Distrito Judicial de La Paz, Baja California Sur ... **hago constar** -> Distrito Judicial de La Paz, Baja California Sur"
proemio,lugar de la notaría,"... de la Notaría Número Cincuenta y Siete del Distrito Judicial de Chihuahua, Chihuahua ... **hago constar** -> Distrito Judicial de Chihuahua, Chihuahua"
proemio,lugar de la notaría,"... de la Notaría Número Veintinueve del Distrito Judicial de Tepic, Nayarit ... **hago constar** -> Distrito Judicial de Tepic, Nayarit"
proemio,lugar de la notaría,"... de la Notaría Número Ochenta y Siete del Distrito Judicial de Colima, Colima ... **hago constar** -> Distrito Judicial de Colima, Colima"
proemio,lugar de la notaría,"... de la Notaría Número Sesenta y Cinco del Distrito Judicial de Durango, Durango ... **hago constar** -> Distrito Judicial de Durango, Durango"
proemio,lugar de la notaría,"... de la Notaría Número Catorce del Distrito Judicial de Cuernavaca, Morelos ... **hago constar** -> Distrito Judicial de Cuernavaca, Morelos"
proemio,lugar de la notaría,"... de la Notaría Número Diez del Distrito Judicial de Tlaxcala, Tlaxcala ... **hago constar** -> Distrito Judicial de Tlaxcala, Tlaxcala"
proemio,lugar de la notaría,"... de la Notaría Número Noventa y Cuatro del Distrito Judicial de Pachuca, Hidalgo ... **hago constar** -> Distrito Judicial de Pachuca, Hidalgo"
proemio,acto jurídico,"EL CONTRATO DE DONACIÓN, que celebran... -> CONTRATO DE DONACIÓN"
proemio,acto jurídico,"EL CONTRATO DE USUFRUCTO, que celebran... -> CONTRATO DE USUFRUCTO"
proemio,acto jurídico,"EL CONTRATO DE COMPRAVENTA, que celebran... -> CONTRATO DE COMPRAVENTA"
proemio,acto jurídico,"LA TRANSMISIÓN DE PROPIEDAD EN EJECUCIÓN PARCIAL DE FIDEICOMISO, que celebran... -> TRANSMISIÓN DE PROPIEDAD EN EJECUCIÓN PARCIAL DE FIDEICOMISO"
proemio,acto jurídico,"LA ADJUDICACIÓN POR HERENCIA, que celebran... -> ADJUDICACIÓN POR HERENCIA"
proemio,acto jurídico,"LA ADJUDICACIÓN A TÍTULO GRATUITO, que otorga... -> ADJUDICACIÓN A TÍTULO GRATUITO"
proemio,acto jurídico,"LA ADJUDICACIÓN ADMINISTRATIVA, que otorga... -> ADJUDICACIÓN ADMINISTRATIVA"
proemio,acto jurídico,"LA CESIÓN DE DERECHOS, que otorga... -> CESIÓN DE DERECHOS"
proemio,acto jurídico,"EL CONTRATO DE ARRENDAMIENTO CON OPCIÓN DE COMPRA, que celebran... -> CONTRATO DE ARRENDAMIENTO CON"
proemio,acto jurídico,"LA TRANSFERENCIA DE ACCIONES, que celebran... -> TRANSFERENCIA DE ACCIONES"
proemio,acto jurídico,"LA DONACIÓN INTER-VIVOS, que celebran... -> DONACIÓN INTER-VIVOS"
proemio,acto jurídico,"LA COMPRA-VENTA DE BIENES INMUEBLES, que celebran... -> COMPRA-VENTA"
proemio,acto jurídico,"LA CANCELACIÓN DE HIPOTECA, que celebran... -> CANCELACIÓN DE HIPOTECA"
proemio,acto jurídico,"LA TRANSMISIÓN DE PROPIEDAD, que celebran... -> TRANSMISIÓN DE PROPIEDAD"
proemio,acto jurídico,"LA TRANSMISIÓN DE BIENES EN FIDEICOMISO, que celebran... -> TRANSMISIÓN DE BIENES EN FIDEICOMISO"
proemio,acto jurídico,"LA COMPRAVENTA DE ACCIONES, que celebran... -> COMPRAVENTA DE ACCIONES"
proemio,acto jurídico,"EL CONTRATO DE DONACIÓN, que celebran... -> CONTRATO DE DONACIÓN"
proemio,acto jurídico,"EL CONTRATO DE USUFRUCTO, que celebran... -> CONTRATO DE USUFRUCTO"
proemio,acto jurídico,"EL CONTRATO DE COMPRAVENTA, que celebran... -> CONTRATO DE COMPRAVENTA"
proemio,acto jurídico,"LA TRANSMISIÓN DE PROPIEDAD EN EJECUCIÓN PARCIAL DE FIDEICOMISO, que celebran... -> TRANSMISIÓN DE PROPIEDAD EN EJECUCIÓN PARCIAL DE FIDEICOMISO"
proemio,acto jurídico,"LA ADJUDICACIÓN POR HERENCIA, que celebran... -> ADJUDICACIÓN POR HERENCIA"
proemio,acto jurídico,"LA ADJUDICACIÓN A TÍTULO GRATUITO, que otorga... -> ADJUDICACIÓN A TÍTULO GRATUITO"
propiedad,acto jurídico,"LA ADJUDICACIÓN ADMINISTRATIVA, que otorga... -> ADJUDICACIÓN ADMINISTRATIVA"
propiedad,acto jurídico,"LA CESIÓN DE DERECHOS, que otorga... -> CESIÓN DE DERECHOS"
propiedad,acto jurídico,"EL CONTRATO DE ARRENDAMIENTO CON OPCIÓN DE COMPRA, que celebran... -> CONTRATO DE ARRENDAMIENTO CON OPCIÓN DE COMPRA"
propiedad,acto jurídico,"LA TRANSFERENCIA DE ACCIONES, que celebran... -> TRANSFERENCIA DE ACCIONES"
propiedad,acto jurídico,"LA DONACIÓN INTER-VIVOS, que celebran... -> DONACIÓN INTER-VIVOS"
propiedad,acto jurídico,"LA COMPRA-VENTA DE BIENES INMUEBLES, que celebran... -> COMPRA-VENTA"
propiedad,acto jurídico,"LA CANCELACIÓN DE HIPOTECA, que celebran... -> CANCELACIÓN DE HIPOTECA"
propiedad,acto jurídico,"LA TRANSMISIÓN DE PROPIEDAD, que celebran... -> TRANSMISIÓN DE PROPIEDAD"
propiedad,acto jurídico,"LA TRANSMISIÓN DE BIENES EN FIDEICOMISO, que celebran... -> TRANSMISIÓN DE BIENES EN FIDEICOMISO"
propiedad,acto jurídico,"LA COMPRAVENTA DE ACCIONES, que celebran... -> COMPRAVENTA DE ACCIONES"
propiedad,acto jurídico,"EL CONTRATO DE DONACIÓN, que celebran... -> CONTRATO DE DONACIÓN"
propiedad,acto jurídico,"EL CONTRATO DE USUFRUCTO, que celebran... -> CONTRATO DE USUFRUCTO"
propiedad,acto jurídico,"EL CONTRATO DE COMPRAVENTA, que celebran... -> CONTRATO DE COMPRAVENTA"
propiedad,acto jurídico,"LA TRANSMISIÓN DE PROPIEDAD EN EJECUCIÓN PARCIAL DE FIDEICOMISO, que celebran... -> TRANSMISIÓN DE PROPIEDAD EN EJECUCIÓN PARCIAL DE FIDEICOMISO"
propiedad,acto jurídico,"LA ADJUDICACIÓN POR HERENCIA, que celebran... -> ADJUDICACIÓN POR HERENCIA"
propiedad,acto jurídico,"LA ADJUDICACIÓN A TÍTULO GRATUITO, que otorga... -> ADJUDICACIÓN A TÍTULO GRATUITO"
propiedad,acto jurídico,"LA ADJUDICACIÓN ADMINISTRATIVA, que otorga... -> ADJUDICACIÓN ADMINISTRATIVA"
propiedad,acto jurídico,"LA CESIÓN DE DERECHOS, que otorga... -> CESIÓN DE DERECHOS"
propiedad,acto jurídico,"EL CONTRATO DE ARRENDAMIENTO CON OPCIÓN DE COMPRA, que celebran... -> CONTRATO DE ARRENDAMIENTO CON OPCIÓN DE COMPRA"
propiedad,acto jurídico,"LA TRANSFERENCIA DE ACCIONES, que celebran... -> TRANSFERENCIA DE ACCIONES"
propiedad,acto jurídico,"LA DONACIÓN INTER-VIVOS, que celebran... -> DONACIÓN INTER-VIVOS"
propiedad,acto jurídico,"LA COMPRA-VENTA DE BIENES INMUEBLES, que celebran... -> COMPRA-VENTA"
propiedad,acto jurídico,"LA CANCELACIÓN DE HIPOTECA, que celebran... -> CANCELACIÓN DE HIPOTECA"
propiedad,acto jurídico,"LA TRANSMISIÓN DE PROPIEDAD, que celebran... -> TRANSMISIÓN DE PROPIEDAD"
propiedad,acto jurídico,"LA TRANSMISIÓN DE BIENES EN FIDEICOMISO, que celebran... -> TRANSMISIÓN DE BIENES EN FIDEICOMISO"
propiedad,acto jurídico,"LA COMPRAVENTA DE ACCIONES, que celebran... -> COMPRAVENTA DE ACCIONES"
propiedad,acto jurídico,"EL CONTRATO DE DONACIÓN, que celebran... -> CONTRATO DE DONACIÓN"
propiedad,acto jurídico,"EL CONTRATO DE USUFRUCTO, que celebran... -> CONTRATO DE USUFRUCTO"
propiedad,acto jurídico,"EL CONTRATO DE COMPRAVENTA, que celebran... -> CONTRATO DE COMPRAVENTA"
propiedad,acto jurídico,"LA TRANSMISIÓN DE PROPIEDAD EN EJECUCIÓN PARCIAL DE FIDEICOMISO, que celebran... -> TRANSMISIÓN DE PROPIEDAD EN EJECUCIÓN PARCIAL DE FIDEICOMISO"
propiedad,acto jurídico,"LA ADJUDICACIÓN POR HERENCIA, que celebran... -> ADJUDICACIÓN POR HERENCIA"
propiedad,acto jurídico,"LA ADJUDICACIÓN A TÍTULO GRATUITO, que otorga... -> ADJUDICACIÓN A TÍTULO GRATUITO"
propiedad,acto jurídico,"LA ADJUDICACIÓN ADMINISTRATIVA, que otorga... -> ADJUDICACIÓN ADMINISTRATIVA"
propiedad,acto jurídico,"LA CESIÓN DE DERECHOS, que otorga... -> CESIÓN DE DERECHOS"
propiedad,acto jurídico,"EL CONTRATO DE ARRENDAMIENTO CON OPCIÓN DE COMPRA, que celebran... -> CONTRATO DE ARRENDAMIENTO CON"
propiedad,acto jurídico,"LA TRANSFERENCIA DE ACCIONES, que celebran... -> TRANSFERENCIA DE ACCIONES"
propiedad,acto jurídico,"LA DONACIÓN INTER-VIVOS, que celebran... -> DONACIÓN INTER-VIVOS"
propiedad,acto jurídico,"LA COMPRA-VENTA DE BIENES INMUEBLES, que celebran... -> COMPRA-VENTA"
propiedad,acto jurídico,"LA CANCELACIÓN DE HIPOTECA, que celebran... -> CANCELACIÓN DE HIPOTECA"
propiedad,acto jurídico,"LA TRANSMISIÓN DE PROPIEDAD, que celebran... -> TRANSMISIÓN DE PROPIEDAD"
propiedad,acto jurídico,"LA TRANSMISIÓN DE BIENES EN FIDEICOMISO, que celebran... -> TRANSMISIÓN DE BIENES EN FIDEICOMISO"
transmisión,acto jurídico,"LA COMPRAVENTA DE ACCIONES, que celebran... -> COMPRAVENTA DE ACCIONES"
transmisión,superficie y colindancias,“…SUPERFICIE DE TERRENO: 196.95 CIENTO NOVENTA Y SEIS PUNTO NOVENTA Y CINCO METROS CUADRADOS…- MIDE Y LINDA: AL NORTE: 21.36 VEINTIUNO PUNTO TREINTA Y SEIS METROS EN LINEA DIAGONAL CON VIA PUBLICA AL SUR: 21.26 VEINTIUNO PUNTO VEINTISEIS METROS CON LOTE 2 DOS DE LA MANZANA 3 C TRES C  AL ORIENTE: 10.55 DIEZ PUNTO CINCUENTA Y CINCO METROS CON VIA PUBLICA  AL PONIENTE: 8.00 OCHO METROS CON VIA PUBLICA. …”. 
transmisión,superficie y colindancias,"“…con superficie de 300.00 M2 (trescientos metros cuadrados), con las siguientes medidas y colindancias: - - - AL NORTE, en 15.00 Mts. (quince metros), con la calle Primera; - - - AL SUR, en 15.00 Mts. (quince metros), con calle sin nombre; - - - AL ESTE, en 20.00 Mts. (veinte metros), con solar baldío, lote número 156 (ciento cincuenta y seis); y - - - AL OESTE, en 20.00 Mts. (veinte metros), con lote número 154 (ciento cincuenta y cuatro), propiedad de Víctor Manuel Robles Luna...”."
transmisión,superficie y colindancias,"“…DEPARTAMENTO 106 B (PLANTA BAJA ATRÁS A LA IZQUIERDA DE ACCESO II). SUPERFICIE 62.89 M2 SUP. ÁREAS COMUNES 31.20 M2 (PASILLOS Y ESCALERAS) –COLINDANCIAS: - NORTE: 9.30 ML (así) EN 2 FRENTES DE: 3.70 M2 CON ÁREA COMÚN DE ACCESO, 5.60 M CON DEPTO 107-B.- ORIENTE: 8.95 (así) M EN 3 FRENTES DE: 1.20 M CON ÁREA COMÚN DE ACCESO, 2.70 M CON DEPTO. 105 Y 4.60 M CON POZO DE LUZ – SUR: 9.30 M EN 3 FRENTES DE: 2.00 CON POZO DE LUZ, 6.80 DEPTO: 103 Y 0.50 ML (así) CON ÁREA JARDINADA DEL CONJUNTO – PONIENTE: 8.45 (así) M EN 2 FRENTES DE 2.75 M Y 5.75 M CON VACIO SOBRE AREA JARDINADA – ARRIBA: DEPARTAMENTOS (así) 206 – ABAJO: SUPERFICIE DE TERRENO…Dentro de los bienes de propiedad común, se localiza el estacionamiento número quince, de la sección dos D y jaula de tendido número seis B, que le fueron asignados al departamento materia de esta escritura, para su uso…”"
transmisión,superficie y colindancias,"“...el cual tiene una superficie de CUARENTA Y CINCO PUNTO CERO CINCUENTA Y TRES METROS CUADRADOS y las siguientes medidas y linderos: AL NORTE, en dos tramos, de cinco metros ochenta y dos centímetros, con vacío de andador y un metro treinta y cinco centímetros, con vacío de cubo de iluminación; AL SUR, en dos tramos, de cinco metros ochenta y dos centímetros, con departamento cuatrocientos dos y un metro treinta y cinco centímetros, con vacío de cubo de iluminación; AL ORIENTE, en tres tramos, de dos metros noventa y cuatro centímetros y dos metros setenta y cuatro centímetros, con departamento cuatrocientos tres del edificio ;A; y dos metros setenta y dos centímetros, con vacío de cubo de iluminación; AL PONIENTE, en ocho metros cuarenta centímetros, con vacío de andador y pasillo de acceso; ARRIBA, con departamento quinientos uno del edificio ;A;; ABAJO, con departamento trescientos uno del edificio ;A; Correspondiéndole a dicho departamento un porcentaje de indiviso en los bienes de propiedad común del UNO PUNTO TRESCIENTOS OCHENTA Y NUEVE POR CIENTO…”."
transmisión,superficie y colindancias,“…SUPERFICIE DE TERRENO: 350.20 TRESCIENTOS CINCUENTA PUNTO VEINTE METROS CUADRADOS…- MIDE Y LINDA: AL NORTE: 25.00 VEINTICINCO METROS EN LINEA RECTANGULAR CON CALLE PRINCIPAL  AL SUR: 25.00 VEINTICINCO METROS CON LOTE 5 CINCO DE LA MANZANA 7 S  AL ORIENTE: 14.00 CATORCE METROS CON LOTE 4 CUATRO  AL PONIENTE: 14.00 CATORCE METROS CON LOTE 6 SEIS. …”. 
transmisión,superficie y colindancias,"“…CON SUPERFICIE DE 500.00 M2 (QUINIENTOS METROS CUADRADOS), CON LAS SIGUIENTES MEDIDAS Y COLINDANCIAS: - - - AL NORTE, EN 20.00 MTS. (VEINTE METROS), CON LA CALLE JARDINES; - - - AL SUR, EN 20.00 MTS. (VEINTE METROS), CON LOTE 15 (QUINCE); - - - AL ESTE, EN 25.00 MTS. (VEINTICINCO METROS), CON LOTE 10 (DIEZ); Y - - - AL OESTE, EN 25.00 MTS. (VEINTICINCO METROS), CON LOTE 12 (DOCE), PROPIEDAD DE JUAN PÉREZ...”."
transmisión,superficie y colindancias,"“…DEPARTAMENTO 202 C (PRIMER PISO A LA DERECHA DE ACCESO I). SUPERFICIE 78.90 M2 SUP. ÁREAS COMUNES 35.60 M2 (PASILLOS Y ESCALERAS) – COLINDANCIAS: - NORTE: 10.00 ML (ASI) EN 2 FRENTES DE: 4.50 M CON ÁREA COMÚN DE ACCESO, 5.50 M CON DEPTO 203-C.- ORIENTE: 10.00 (ASI) M EN 2 FRENTES DE: 2.00 M CON ÁREA COMÚN, 5.00 M CON DEPTO. 201 Y 3.00 M CON PATIO COMÚN – SUR: 10.00 M EN 2 FRENTES DE: 3.50 M CON PATIO COMÚN, 5.50 M CON DEPTO: 104 Y 1.00 ML (ASI) CON JARDÍN DEL CONJUNTO – PONIENTE: 8.00 (ASI) M EN 2 FRENTES DE 3.00 M Y 5.00 M CON VACÍO SOBRE JARDÍN COMÚN – ARRIBA: DEPARTAMENTO 302 – ABAJO: SUPERFICIE DE TERRENO…Dentro de los bienes de propiedad común, se localiza el estacionamiento número veinte, de la sección tres B y jaula de tendido número tres A, asignados al departamento materia de esta escritura para su uso…”."
transmisión,superficie y colindancias,"“…EL CUAL TIENE UNA SUPERFICIE DE TREINTA Y CINCO PUNTO QUINCE METROS CUADRADOS Y LAS SIGUIENTES MEDIDAS Y LINDEROS: AL NORTE, EN DOS TRAMOS, DE CINCO METROS TREINTA Y CINCO CENTÍMETROS, CON VACÍO DE PASILLO Y UN METRO VEINTE CENTÍMETROS, CON VACÍO DE LUZ; AL SUR, EN DOS TRAMOS, DE SEIS METROS, CON DEPARTAMENTO 302 Y UN METRO VEINTE CENTÍMETROS, CON VACÍO DE LUZ; AL ORIENTE, EN TRES TRAMOS, DE TRES METROS, CON DEPARTAMENTO 303 Y DOS METROS, CON VACÍO DE LUZ; AL PONIENTE, EN SEIS METROS CINCUENTA CENTÍMETROS, CON PASILLO DE ACCESO; ARRIBA, CON DEPARTAMENTO 502 DEL EDIFICIO A; ABAJO, CON DEPARTAMENTO 202 DEL EDIFICIO B. CORRESPONDIÉNDOLE UN PORCENTAJE DE INDIVISO EN LOS BIENES DE PROPIEDAD COMÚN DEL UNO PUNTO CINCUENTA Y OCHO POR CIENTO…”."
transmisión,superficie y colindancias,"“…CON SUPERFICIE DE 1,000.00 M2 (MIL METROS CUADRADOS), CON LAS SIGUIENTES MEDIDAS Y COLINDANCIAS: - - - AL NORTE, EN 50.00 MTS. (CINCUENTA METROS), CON LA CALLE LOS PINOS; - - - AL SUR, EN 50.00 MTS. (CINCUENTA METROS), CON LOTE 30 (TREINTA); - - - AL ESTE, EN 20.00 MTS. (VEINTE METROS), CON LOTE 25 (VEINTICINCO); Y - - - AL OESTE, EN 20.00 MTS. (VEINTE METROS), CON LOTE 28 (VEINTIOCHO)...”."
transmisión,superficie y colindancias,"“…DEPARTAMENTO 305 A (TERCER PISO DEL EDIFICIO B). SUPERFICIE 45.30 M2 SUP. ÁREAS COMUNES 15.50 M2 (PASILLOS Y ESCALERAS) – COLINDANCIAS: - NORTE: 7.30 ML (ASI) EN 1 FRENTES DE: 4.00 M CON ÁREA COMÚN, 3.30 M CON DEPARTAMENTO 306-A.- ORIENTE: 9.50 (ASI) M EN 2 FRENTES DE: 3.00 M CON ÁREA COMÚN, 6.50 M CON DEPARTAMENTO 305 – SUR: 10.00 M EN 2 FRENTES DE: 4.00 CON VACÍO, 6.00 M CON DEPARTAMENTO 101 Y 1.00 ML (ASI) CON JARDÍN – PONIENTE: 6.00 (ASI) M EN 2 FRENTES DE 4.50 M Y 3.50 M CON VACÍO SOBRE JARDÍN – ARRIBA: DEPARTAMENTO 406 – ABAJO: SUPERFICIE DE TERRENO…”."
transmisión,superficie y colindancias,"“…CON UNA SUPERFICIE DE CIENTO CINCUENTA Y CINCO PUNTO TREINTA Y CINCO METROS CUADRADOS Y LAS SIGUIENTES MEDIDAS Y LINDEROS: AL NORTE, EN DOS TRAMOS, DE SEIS METROS CON ANDADOR Y UNO CON CUBO DE ILUMINACIÓN; AL SUR, EN DOS TRAMOS, DE SEIS METROS, CON DEPARTAMENTO 202 Y UNO MÁS CON CUBO DE ILUMINACIÓN; AL ORIENTE, EN DOS TRAMOS, DE OCHO METROS Y SEIS METROS, CON DEPARTAMENTO 102 Y VACÍO DE ANDADOR; AL PONIENTE, EN DOS METROS CINCUENTA Y CINCO, CON PASILLO DE ACCESO. ARRIBA, CON DEPARTAMENTO 502 DEL EDIFICIO B, ABAJO, CON DEPARTAMENTO 103 DEL EDIFICIO C...”."
transmisión,superficie y colindancias,"“…CON SUPERFICIE DE 250.00 M2 (DOSCIENTOS CINCUENTA METROS CUADRADOS), CON LAS SIGUIENTES MEDIDAS Y COLINDANCIAS: AL NORTE, EN 15.00 MTS. (QUINCE METROS), CON LA CALLE DEL VALLE; AL SUR, EN 15.00 MTS. (QUINCE METROS), CON LOTE 30 (TREINTA); AL ESTE, EN 10.00 MTS. (DIEZ METROS), CON LOTE 28 (VEINTIOCHO); Y AL OESTE, EN 10.00 MTS. (DIEZ METROS), CON LOTE 32 (TREINTA Y DOS)...”."
transmisión,superficie y colindancias,"“…DEPARTAMENTO 202 B (SEGUNDO PISO). SUPERFICIE 55.60 M2 SUP. ÁREAS COMUNES 20.00 M2 (PASILLOS Y ESCALERAS) – COLINDANCIAS: - NORTE: 7.00 ML (ASI) EN 1 FRENTES DE: 4.00 M CON ÁREA COMÚN, 3.00 M CON DEPARTAMENTO 203-B.- ORIENTE: 6.50 M EN 2 FRENTES DE: 3.00 M CON ÁREA COMÚN, 3.50 M CON DEPARTAMENTO 201-A- SUR: 9.00 M EN 2 FRENTES DE: 5.00 M CON VACÍO, 4.00 M CON DEPARTAMENTO 101-B – PONIENTE: 7.50 M EN 2 FRENTES DE 5.00 M Y 2.50 M CON VACÍO SOBRE JARDÍN – ARRIBA: DEPARTAMENTO 302 – ABAJO: SUPERFICIE DE TERRENO…”."
transmisión,superficie y colindancias,"“…EL CUAL TIENE UNA SUPERFICIE DE CUARENTA Y DOS PUNTO CINCO METROS CUADRADOS Y LAS SIGUIENTES MEDIDAS Y LINDEROS: AL NORTE, EN DOS TRAMOS, DE CUATRO METROS Y TRES METROS, CON VACÍO DE PASILLO Y CUBO DE ILUMINACIÓN; AL SUR, EN TRES TRAMOS, DE CUATRO METROS, CON DEPARTAMENTO 405 Y UN METRO CON VACÍO DE ILUMINACIÓN; AL ORIENTE, EN TRES METROS, CON DEPARTAMENTO 406 Y DOS METROS CON PASILLO DE ACCESO; AL PONIENTE, EN CINCO METROS, CON PASILLO COMÚN…”."
transmisión,superficie y colindancias,"“…CON SUPERFICIE DE 800.00 M2 (OCHOCIENTOS METROS CUADRADOS), CON LAS SIGUIENTES MEDIDAS Y COLINDANCIAS: AL NORTE, EN 40.00 MTS. (CUARENTA METROS), CON LA CALLE PRINCIPAL; AL SUR, EN 40.00 MTS. (CUARENTA METROS), CON LOTE 25 (VEINTICINCO); AL ESTE, EN 20.00 MTS. (VEINTE METROS), CON LOTE 18 (DIECIOCHO); Y AL OESTE, EN 20.00 MTS. (VEINTE METROS), CON LOTE 21 (VEINTIUNO)...”."
transmisión,superficie y colindancias,"“…DEPARTAMENTO 407 A (CUARTO PISO). SUPERFICIE 90.00 M2 SUP. ÁREAS COMUNES 40.00 M2 (PASILLOS Y ESCALERAS) – COLINDANCIAS: - NORTE: 10.00 ML (ASI) EN 1 FRENTES DE: 5.00 M CON ÁREA COMÚN, 5.00 M CON DEPARTAMENTO 408-A.- ORIENTE: 8.00 (ASI) M EN 2 FRENTES DE: 3.50 M CON ÁREA COMÚN, 4.50 M CON DEPARTAMENTO 406 – SUR: 7.00 M EN 2 FRENTES DE: 3.00 M CON VACÍO, 4.00 M CON DEPARTAMENTO 105 – PONIENTE: 9.50 M EN 2 FRENTES DE 6.00 M Y 3.50 M CON VACÍO SOBRE ÁREA COMÚN…”."
transmisión,superficie y colindancias,"“…CON UNA SUPERFICIE DE 200.00 METROS CUADRADOS Y LAS SIGUIENTES MEDIDAS Y LINDEROS: AL NORTE, EN DOS TRAMOS, DE CINCO METROS Y SEIS METROS, CON VACÍO DE ANDADOR Y CUBO DE ILUMINACIÓN; AL SUR, EN DOS TRAMOS, DE SEIS METROS, CON DEPARTAMENTO 102 Y UN METRO CON VACÍO DE LUZ; AL ORIENTE, EN TRES TRAMOS, DE TRES METROS, CON DEPARTAMENTO 106 Y VACÍO DE LUZ; AL PONIENTE, EN TRES METROS, CON PASILLO DE ACCESO...”."
transmisión,superficie y colindancias,"“…con superficie de 300.00 M2 (trescientos metros cuadrados), con las siguientes medidas y colindancias: - - - AL NORTE, en 15.00 Mts. (quince metros), con la calle Primera; - - - AL SUR, en 15.00 Mts. (quince metros), con calle sin nombre; - - - AL ESTE, en 20.00 Mts. (veinte metros), con solar baldío, lote número 156 (ciento cincuenta y seis); y - - - AL OESTE, en 20.00 Mts. (veinte metros), con lote número 154 (ciento cincuenta y cuatro), propiedad de Víctor Manuel Robles Luna...”."
transmisión,superficie y colindancias,"“…DEPARTAMENTO 106 B (PLANTA BAJA ATRÁS A LA IZQUIERDA DE ACCESO II). SUPERFICIE 62.89 M2 SUP. ÁREAS COMUNES 31.20 M2 (PASILLOS Y ESCALERAS) –COLINDANCIAS: - NORTE: 9.30 ML (así) EN 2 FRENTES DE: 3.70 M2 CON ÁREA COMÚN DE ACCESO, 5.60 M CON DEPTO 107-B.- ORIENTE: 8.95 (así) M EN 3 FRENTES DE: 1.20 M CON ÁREA COMÚN DE ACCESO, 2.70 M CON DEPTO. 105 Y 4.60 M CON POZO DE LUZ – SUR: 9.30 M EN 3 FRENTES DE: 2.00 CON POZO DE LUZ, 6.80 DEPTO: 103 Y 0.50 ML (así) CON ÁREA JARDINADA DEL CONJUNTO – PONIENTE: 8.45 (así) M EN 2 FRENTES DE 2.75 M Y 5.75 M CON VACIO SOBRE AREA JARDINADA – ARRIBA: DEPARTAMENTOS (así) 206 – ABAJO: SUPERFICIE DE TERRENO…Dentro de los bienes de propiedad común, se localiza el estacionamiento número quince, de la sección dos D y jaula de tendido número seis B, que le fueron asignados al departamento materia de esta escritura, para su uso…”"
transmisión,superficie y colindancias,"“...el cual tiene una superficie de CUARENTA Y CINCO PUNTO CERO CINCUENTA Y TRES METROS CUADRADOS y las siguientes medidas y linderos: AL NORTE, en dos tramos, de cinco metros ochenta y dos centímetros, con vacío de andador y un metro treinta y cinco centímetros, con vacío de cubo de iluminación; AL SUR, en dos tramos, de cinco metros ochenta y dos centímetros, con departamento cuatrocientos dos y un metro treinta y cinco centímetros, con vacío de cubo de iluminación; AL ORIENTE, en tres tramos, de dos metros noventa y cuatro centímetros y dos metros setenta y cuatro centímetros, con departamento cuatrocientos tres del edificio ;A; y dos metros setenta y dos centímetros, con vacío de cubo de iluminación; AL PONIENTE, en ocho metros cuarenta centímetros, con vacío de andador y pasillo de acceso; ARRIBA, con departamento quinientos uno del edificio ;A;; ABAJO, con departamento trescientos uno del edificio ;A; Correspondiéndole a dicho departamento un porcentaje de indiviso en los bienes de propiedad común del UNO PUNTO TRESCIENTOS OCHENTA Y NUEVE POR CIENTO…”."
transmisión,superficie y colindancias,"“…CON SUPERFICIE DE 500.00 M2 (QUINIENTOS METROS CUADRADOS), CON LAS SIGUIENTES MEDIDAS Y COLINDANCIAS: - - - AL NORTE, EN 20.00 MTS. (VEINTE METROS), CON LA CALLE JARDINES; - - - AL SUR, EN 20.00 MTS. (VEINTE METROS), CON LOTE 15 (QUINCE); - - - AL ESTE, EN 25.00 MTS. (VEINTICINCO METROS), CON LOTE 10 (DIEZ); Y - - - AL OESTE, EN 25.00 MTS. (VEINTICINCO METROS), CON LOTE 12 (DOCE), PROPIEDAD DE JUAN PÉREZ...”."
transmisión,superficie y colindancias,"“…DEPARTAMENTO 202 C (PRIMER PISO A LA DERECHA DE ACCESO I). SUPERFICIE 78.90 M2 SUP. ÁREAS COMUNES 35.60 M2 (PASILLOS Y ESCALERAS) – COLINDANCIAS: - NORTE: 10.00 ML (ASI) EN 2 FRENTES DE: 4.50 M CON ÁREA COMÚN DE ACCESO, 5.50 M CON DEPTO 203-C.- ORIENTE: 10.00 (ASI) M EN 2 FRENTES DE: 2.00 M CON ÁREA COMÚN, 5.00 M CON DEPTO. 201 Y 3.00 M CON PATIO COMÚN – SUR: 10.00 M EN 2 FRENTES DE: 3.50 M CON PATIO COMÚN, 5.50 M CON DEPTO: 104 Y 1.00 ML (ASI) CON JARDÍN DEL CONJUNTO – PONIENTE: 8.00 (ASI) M EN 2 FRENTES DE 3.00 M Y 5.00 M CON VACÍO SOBRE JARDÍN COMÚN – ARRIBA: DEPARTAMENTO 302 – ABAJO: SUPERFICIE DE TERRENO…Dentro de los bienes de propiedad común, se localiza el estacionamiento número veinte, de la sección tres B y jaula de tendido número tres A, asignados al departamento materia de esta escritura para su uso…”."
transmisión,superficie y colindancias,"“…EL CUAL TIENE UNA SUPERFICIE DE TREINTA Y CINCO PUNTO QUINCE METROS CUADRADOS Y LAS SIGUIENTES MEDIDAS Y LINDEROS: AL NORTE, EN DOS TRAMOS, DE CINCO METROS TREINTA Y CINCO CENTÍMETROS, CON VACÍO DE PASILLO Y UN METRO VEINTE CENTÍMETROS, CON VACÍO DE LUZ; AL SUR, EN DOS TRAMOS, DE SEIS METROS, CON DEPARTAMENTO 302 Y UN METRO VEINTE CENTÍMETROS, CON VACÍO DE LUZ; AL ORIENTE, EN TRES TRAMOS, DE TRES METROS, CON DEPARTAMENTO 303 Y DOS METROS, CON VACÍO DE LUZ; AL PONIENTE, EN SEIS METROS CINCUENTA CENTÍMETROS, CON PASILLO DE ACCESO; ARRIBA, CON DEPARTAMENTO 502 DEL EDIFICIO A; ABAJO, CON DEPARTAMENTO 202 DEL EDIFICIO B. CORRESPONDIÉNDOLE UN PORCENTAJE DE INDIVISO EN LOS BIENES DE PROPIEDAD COMÚN DEL UNO PUNTO CINCUENTA Y OCHO POR CIENTO…”."
transmisión,superficie y colindancias,"“…CON SUPERFICIE DE 1,000.00 M2 (MIL METROS CUADRADOS), CON LAS SIGUIENTES MEDIDAS Y COLINDANCIAS: - - - AL NORTE, EN 50.00 MTS. (CINCUENTA METROS), CON LA CALLE LOS PINOS; - - - AL SUR, EN 50.00 MTS. (CINCUENTA METROS), CON LOTE 30 (TREINTA); - - - AL ESTE, EN 20.00 MTS. (VEINTE METROS), CON LOTE 25 (VEINTICINCO); Y - - - AL OESTE, EN 20.00 MTS. (VEINTE METROS), CON LOTE 28 (VEINTIOCHO)...”."
transmisión,superficie y colindancias,"“…DEPARTAMENTO 305 A (TERCER PISO DEL EDIFICIO B). SUPERFICIE 45.30 M2 SUP. ÁREAS COMUNES 15.50 M2 (PASILLOS Y ESCALERAS) – COLINDANCIAS: - NORTE: 7.30 ML (ASI) EN 1 FRENTES DE: 4.00 M CON ÁREA COMÚN, 3.30 M CON DEPARTAMENTO 306-A.- ORIENTE: 9.50 (ASI) M EN 2 FRENTES DE: 3.00 M CON ÁREA COMÚN, 6.50 M CON DEPARTAMENTO 305 – SUR: 10.00 M EN 2 FRENTES DE: 4.00 CON VACÍO, 6.00 M CON DEPARTAMENTO 101 Y 1.00 ML (ASI) CON JARDÍN – PONIENTE: 6.00 (ASI) M EN 2 FRENTES DE 4.50 M Y 3.50 M CON VACÍO SOBRE JARDÍN – ARRIBA: DEPARTAMENTO 406 – ABAJO: SUPERFICIE DE TERRENO…”."
transmisión,superficie y colindancias,"“…CON UNA SUPERFICIE DE CIENTO CINCUENTA Y CINCO PUNTO TREINTA Y CINCO METROS CUADRADOS Y LAS SIGUIENTES MEDIDAS Y LINDEROS: AL NORTE, EN DOS TRAMOS, DE SEIS METROS CON ANDADOR Y UNO CON CUBO DE ILUMINACIÓN; AL SUR, EN DOS TRAMOS, DE SEIS METROS, CON DEPARTAMENTO 202 Y UNO MÁS CON CUBO DE ILUMINACIÓN; AL ORIENTE, EN DOS TRAMOS, DE OCHO METROS Y SEIS METROS, CON DEPARTAMENTO 102 Y VACÍO DE ANDADOR; AL PONIENTE, EN DOS METROS CINCUENTA Y CINCO, CON PASILLO DE ACCESO. ARRIBA, CON DEPARTAMENTO 502 DEL EDIFICIO B, ABAJO, CON DEPARTAMENTO 103 DEL EDIFICIO C...”."
transmisión,superficie y colindancias,"“…CON SUPERFICIE DE 250.00 M2 (DOSCIENTOS CINCUENTA METROS CUADRADOS), CON LAS SIGUIENTES MEDIDAS Y COLINDANCIAS: AL NORTE, EN 15.00 MTS. (QUINCE METROS), CON LA CALLE DEL VALLE; AL SUR, EN 15.00 MTS. (QUINCE METROS), CON LOTE 30 (TREINTA); AL ESTE, EN 10.00 MTS. (DIEZ METROS), CON LOTE 28 (VEINTIOCHO); Y AL OESTE, EN 10.00 MTS. (DIEZ METROS), CON LOTE 32 (TREINTA Y DOS)...”."
transmisión,superficie y colindancias,"“…DEPARTAMENTO 202 B (SEGUNDO PISO). SUPERFICIE 55.60 M2 SUP. ÁREAS COMUNES 20.00 M2 (PASILLOS Y ESCALERAS) – COLINDANCIAS: - NORTE: 7.00 ML (ASI) EN 1 FRENTES DE: 4.00 M CON ÁREA COMÚN, 3.00 M CON DEPARTAMENTO 203-B.- ORIENTE: 6.50 M EN 2 FRENTES DE: 3.00 M CON ÁREA COMÚN, 3.50 M CON DEPARTAMENTO 201-A- SUR: 9.00 M EN 2 FRENTES DE: 5.00 M CON VACÍO, 4.00 M CON DEPARTAMENTO 101-B – PONIENTE: 7.50 M EN 2 FRENTES DE 5.00 M Y 2.50 M CON VACÍO SOBRE JARDÍN – ARRIBA: DEPARTAMENTO 302 – ABAJO: SUPERFICIE DE TERRENO…”."
transmisión,superficie y colindancias,"“…EL CUAL TIENE UNA SUPERFICIE DE CUARENTA Y DOS PUNTO CINCO METROS CUADRADOS Y LAS SIGUIENTES MEDIDAS Y LINDEROS: AL NORTE, EN DOS TRAMOS, DE CUATRO METROS Y TRES METROS, CON VACÍO DE PASILLO Y CUBO DE ILUMINACIÓN; AL SUR, EN TRES TRAMOS, DE CUATRO METROS, CON DEPARTAMENTO 405 Y UN METRO CON VACÍO DE ILUMINACIÓN; AL ORIENTE, EN TRES METROS, CON DEPARTAMENTO 406 Y DOS METROS CON PASILLO DE ACCESO; AL PONIENTE, EN CINCO METROS, CON PASILLO COMÚN…”."
transmisión,superficie y colindancias,"“…CON SUPERFICIE DE 800.00 M2 (OCHOCIENTOS METROS CUADRADOS), CON LAS SIGUIENTES MEDIDAS Y COLINDANCIAS: AL NORTE, EN 40.00 MTS. (CUARENTA METROS), CON LA CALLE PRINCIPAL; AL SUR, EN 40.00 MTS. (CUARENTA METROS), CON LOTE 25 (VEINTICINCO); AL ESTE, EN 20.00 MTS. (VEINTE METROS), CON LOTE 18 (DIECIOCHO); Y AL OESTE, EN 20.00 MTS. (VEINTE METROS), CON LOTE 21 (VEINTIUNO)...”."
transmisión,superficie y colindancias,"“…DEPARTAMENTO 407 A (CUARTO PISO). SUPERFICIE 90.00 M2 SUP. ÁREAS COMUNES 40.00 M2 (PASILLOS Y ESCALERAS) – COLINDANCIAS: - NORTE: 10.00 ML (ASI) EN 1 FRENTES DE: 5.00 M CON ÁREA COMÚN, 5.00 M CON DEPARTAMENTO 408-A.- ORIENTE: 8.00 (ASI) M EN 2 FRENTES DE: 3.50 M CON ÁREA COMÚN, 4.50 M CON DEPARTAMENTO 406 – SUR: 7.00 M EN 2 FRENTES DE: 3.00 M CON VACÍO, 4.00 M CON DEPARTAMENTO 105 – PONIENTE: 9.50 M EN 2 FRENTES DE 6.00 M Y 3.50 M CON VACÍO SOBRE ÁREA COMÚN…”."
transmisión,superficie y colindancias,"“…CON UNA SUPERFICIE DE 200.00 METROS CUADRADOS Y LAS SIGUIENTES MEDIDAS Y LINDEROS: AL NORTE, EN DOS TRAMOS, DE CINCO METROS Y SEIS METROS, CON VACÍO DE ANDADOR Y CUBO DE ILUMINACIÓN; AL SUR, EN DOS TRAMOS, DE SEIS METROS, CON DEPARTAMENTO 102 Y UN METRO CON VACÍO DE LUZ; AL ORIENTE, EN TRES TRAMOS, DE TRES METROS, CON DEPARTAMENTO 106 Y VACÍO DE LUZ; AL PONIENTE, EN TRES METROS, CON PASILLO DE ACCESO...”."
transmisión,superficie y colindancias,"“…DEPARTAMENTO 501 C (QUINTO PISO). SUPERFICIE 82.15 M2, ÁREAS COMUNES 38.40 M2 (PASILLOS Y ESCALERAS) – COLINDANCIAS: NORTE: 11.20 M CON ÁREA COMÚN, ORIENTE: 9.10 M CON DEPTO. 502, SUR: 10.50 M CON JARDÍN, PONIENTE: 7.90 M CON VACÍO. ARRIBA: AZOTEA, ABAJO: DEPTO. 401 C…INCLUYE ESTACIONAMIENTO NÚMERO 7 Y BODEGA NÚMERO 4…”."
transmisión,superficie y colindancias,"“…CON SUPERFICIE DE 400.00 M2 (CUATROCIENTOS METROS CUADRADOS), CON LAS SIGUIENTES MEDIDAS Y COLINDANCIAS: AL NORTE: 16.00 MTS CON CALLE ROBLES, AL SUR: 16.00 MTS CON LOTE 45, AL ESTE: 25.00 MTS CON LOTE 42, AL OESTE: 25.00 MTS CON LOTE 46…”."
transmisión,superficie y colindancias,"“…SUPERFICIE DE TERRENO: 220.00 DOSCIENTOS VEINTE METROS CUADRADOS…- MIDE Y LINDA: AL NORTE: 11.00 ONCE METROS CON CALLE CERRADA, AL SUR: 11.00 ONCE METROS CON LOTE 15, AL ORIENTE: 20.00 VEINTE METROS CON LOTE 17, AL PONIENTE: 20.00 VEINTE METROS CON LOTE 13…”."
transmisión,superficie y colindancias,"“…DEPARTAMENTO 104 A (PLANTA BAJA). SUPERFICIE 68.50 M2, ÁREAS COMUNES 25.00 M2 – COLINDANCIAS: NORTE: 8.00 M CON ÁREA VERDE, ORIENTE: 9.00 M CON DEPTO. 103, SUR: 7.50 M CON JARDÍN COMÚN, PONIENTE: 9.50 M CON PASILLO. ARRIBA: DEPTO. 204 A, ABAJO: TERRENO…INCLUYE CAJÓN DE ESTACIONAMIENTO #3…”."
transmisión,superficie y colindancias,"“…CON UNA SUPERFICIE DE 180.75 METROS CUADRADOS, MEDIDAS Y LINDEROS: AL NORTE: 15.00 MTS CON AVENIDA PRINCIPAL, AL SUR: 15.00 MTS CON LOTE 9, AL ESTE: 12.05 MTS CON LOTE 11, AL OESTE: 12.05 MTS CON LOTE 7…”."
transmisión,superficie y colindancias,"“…SUPERFICIE DE TERRENO: 540.00 QUINIENTOS CUARENTA METROS CUADRADOS…- MIDE Y LINDA: AL NORTE: 18.00 METROS CON CALLE HIDALGO, AL SUR: 18.00 METROS CON LOTE 3, AL ESTE: 30.00 METROS CON LOTE 5, AL PONIENTE: 30.00 METROS CON LOTE 1…”."
transmisión,superficie y colindancias,"“…DEPARTAMENTO 302 B (TERCER PISO). SUPERFICIE 72.30 M2, ÁREAS COMUNES 30.50 M2 – COLINDANCIAS: NORTE: 9.20 M CON ÁREA COMÚN, ORIENTE: 8.00 M CON DEPTO. 301, SUR: 8.80 M CON VACÍO, PONIENTE: 8.50 M CON PASILLO. ARRIBA: DEPTO. 402 B, ABAJO: DEPTO. 202 B…INCLUYE BODEGA #6…”."
transmisión,superficie y colindancias,"“…CON SUPERFICIE DE 320.50 METROS CUADRADOS, MEDIDAS Y COLINDANCIAS: AL NORTE: 20.00 MTS CON CALLE MADERO, AL SUR: 20.00 MTS CON LOTE 18, AL ESTE: 16.03 MTS CON LOTE 19, AL OESTE: 16.03 MTS CON LOTE 17…”."
transmisión,superficie y colindancias,"“…SUPERFICIE DE TERRENO: 980.00 NOVECIENTOS OCHENTA METROS CUADRADOS…- MIDE Y LINDA: AL NORTE: 35.00 MTS CON AVENIDA JUÁREZ, AL SUR: 35.00 MTS CON LOTE 8, AL ORIENTE: 28.00 MTS CON LOTE 10, AL PONIENTE: 28.00 MTS CON LOTE 6…”."
transmisión,adquirente,"...vende a José Luis Perales Morales, quien adquiere para sí libre de gravámen -> José Luis Perales Morales"
transmisión,adquirente,"...transfiere a ""GRUPO INDUSTRIAL E INMOBILIARIO"", SOCIEDAD ANÓNIMA DE CAPITAL VARIABLE, quien adquiere para sí, libre de gravámen -> ""GRUPO INDUSTRIAL E INMOBILIARIO"", SOCIEDAD ANÓNIMA DE CAPITAL VARIABLE"
transmisión,adquirente,"...dona a Roberto Huerta Díaz y Mario Alberto Pérez Díaz, quienes adquieren para sí, libre de gravámen -> Roberto Huerta Díaz y Mario Alberto Pérez Díaz"
transmisión,adquirente,"...vende a Carlos Rodríguez López, quien adquiere para sí libre de gravámen -> Carlos Rodríguez López"
transmisión,adquirente,"...dona a ""FUNDACIÓN SAN JOSÉ"", ASOCIACIÓN CIVIL, quien adquiere para sí, libre de gravámen -> ""FUNDACIÓN SAN JOSÉ"", ASOCIACIÓN CIVIL"
transmisión,adquirente,"...transfiere a ""INMOBILIARIA LOS CEDROS"", SOCIEDAD ANÓNIMA, quien adquiere para sí, libre de gravámen -> ""INMOBILIARIA LOS CEDROS"", SOCIEDAD ANÓNIMA"
transmisión,adquirente,"...adjudica a Laura Gómez Pérez, quien adquiere para sí, libre de gravámen -> Laura Gómez Pérez"
transmisión,adquirente,"...vende a ""AUTOMÓVILES DEL NORTE"", SOCIEDAD ANÓNIMA DE CAPITAL VARIABLE, quien adquiere para sí, libre de gravámen -> ""AUTOMÓVILES DEL NORTE"", SOCIEDAD ANÓNIMA DE CAPITAL VARIABLE"
transmisión,adquirente,"...vende a Alejandro Martínez Rodríguez, quien adquiere para sí libre de gravámen -> Alejandro Martínez Rodríguez"
transmisión,adquirente,"...transfiere a ""CONSTRUCCIONES Y DESARROLLOS DEL NORTE"", SOCIEDAD ANÓNIMA DE CAPITAL VARIABLE, quien adquiere para sí, libre de gravámen -> ""CONSTRUCCIONES Y DESARROLLOS DEL NORTE"", SOCIEDAD ANÓNIMA DE CAPITAL VARIABLE"
transmisión,adquirente,"...dona a Juan Carlos Sánchez López y María Teresa Pérez Gómez, quienes adquieren para sí, libre de gravámen -> Juan Carlos Sánchez López y María Teresa Pérez Gómez"
transmisión,adquirente,"...vende a ""INMOBILIARIA LAS LOMAS"", SOCIEDAD ANÓNIMA DE CAPITAL VARIABLE, quien adquiere para sí, libre de gravámen -> ""INMOBILIARIA LAS LOMAS"", SOCIEDAD ANÓNIMA DE CAPITAL VARIABLE"
transmisión,adquirente,"...dona a ""ASOCIACIÓN BENÉFICA LA LUZ"", ASOCIACIÓN CIVIL, quien adquiere para sí, libre de gravámen -> ""ASOCIACIÓN BENÉFICA LA LUZ"", ASOCIACIÓN CIVIL"
transmisión,adquirente,"...transfiere a ""TELECOMUNICACIONES DE MÉXICO"", SOCIEDAD ANÓNIMA DE CAPITAL VARIABLE, quien adquiere para sí, libre de gravámen -> ""TELECOMUNICACIONES DE MÉXICO"", SOCIEDAD ANÓNIMA DE CAPITAL VARIABLE"
transmisión,adquirente,"...adjudica a Beatriz Herrera Ramírez, quien adquiere para sí, libre de gravámen -> Beatriz Herrera Ramírez"
transmisión,adquirente,"...vende a ""AUTOMÓVILES DEL SUR"", SOCIEDAD ANÓNIMA DE CAPITAL VARIABLE, quien adquiere para sí, libre de gravámen -> ""AUTOMÓVILES DEL SUR"", SOCIEDAD ANÓNIMA DE CAPITAL VARIABLE"
transmisión,adquirente,"...dona a Francisco Javier López Pérez y Ana María Rodríguez González, quienes adquieren para sí, libre de gravámen -> Francisco Javier López Pérez y Ana María Rodríguez González"
transmisión,adquirente,"...transfiere a ""TURISMO Y VIAJES MEXICANOS"", SOCIEDAD ANÓNIMA DE CAPITAL VARIABLE, quien adquiere para sí, libre de gravámen -> ""TURISMO Y VIAJES MEXICANOS"", SOCIEDAD ANÓNIMA DE CAPITAL VARIABLE"
transmisión,adquirente,"...vende a Marco Antonio Gómez Díaz, quien adquiere para sí libre de gravámen -> Marco Antonio Gómez Díaz"
transmisión,adquirente,"...dona a ""FUNDACIÓN EDUCATIVA DEL NORTE"", ASOCIACIÓN CIVIL, quien adquiere para sí, libre de gravámen -> ""FUNDACIÓN EDUCATIVA DEL NORTE"", ASOCIACIÓN CIVIL"
transmisión,adquirente,"...vende a Ana Isabel García Hernández, quien adquiere para sí libre de gravámen -> Ana Isabel García Hernández"
transmisión,adquirente,"...transfiere a ""CONSTRUCCIONES Y DESARROLLOS DEL CENTRO"", SOCIEDAD ANÓNIMA DE CAPITAL VARIABLE, quien adquiere para sí, libre de gravámen -> ""CONSTRUCCIONES Y DESARROLLOS DEL CENTRO"", SOCIEDAD ANÓNIMA DE CAPITAL VARIABLE"
transmisión,adquirente,"...dona a Luis Alberto Martínez Ramírez y Sofía Elena Gómez López, quienes adquieren para sí, libre de gravámen -> Luis Alberto Martínez Ramírez y Sofía Elena Gómez López"
transmisión,adquirente,"...vende a ""INMOBILIARIA DEL PACÍFICO"", SOCIEDAD ANÓNIMA DE CAPITAL VARIABLE, quien adquiere para sí, libre de gravámen -> ""INMOBILIARIA DEL PACÍFICO"", SOCIEDAD ANÓNIMA DE CAPITAL VARIABLE"
transmisión,adquirente,"...dona a ""FUNDACIÓN CULTURAL DEL SUR"", ASOCIACIÓN CIVIL, quien adquiere para sí, libre de gravámen -> ""FUNDACIÓN CULTURAL DEL SUR"", ASOCIACIÓN CIVIL"
transmisión,adquirente,"...transfiere a ""EMPRESA DE SERVICIOS PÚBLICOS"", SOCIEDAD ANÓNIMA DE CAPITAL VARIABLE, quien adquiere para sí, libre de gravámen -> ""EMPRESA DE SERVICIOS PÚBLICOS"", SOCIEDAD ANÓNIMA DE CAPITAL VARIABLE"
transmisión,adquirente,"...adjudica a Gabriela Hernández García, quien adquiere para sí, libre de gravámen -> Gabriela Hernández García"
transmisión,adquirente,"...vende a Juan Manuel López Díaz, quien adquiere para sí libre de gravámen -> Juan Manuel López Díaz"
transmisión,adquirente,"...dona a Carlos Enrique Gómez Ramírez y Ana Lucía Pérez López, quienes adquieren para sí, libre de gravámen -> Carlos Enrique Gómez Ramírez y Ana Lucía Pérez López"
transmisión,adquirente,"...transfiere a ""INMOBILIARIA DEL NORTE"", SOCIEDAD ANÓNIMA DE CAPITAL VARIABLE, quien adquiere para sí, libre de gravámen -> ""INMOBILIARIA DEL NORTE"", SOCIEDAD ANÓNIMA DE CAPITAL VARIABLE"
transmisión,adquirente,"...vende a ""AUTOMÓVILES DEL CENTRO"", SOCIEDAD ANÓNIMA DE CAPITAL VARIABLE, quien adquiere para sí, libre de gravámen -> ""AUTOMÓVILES DEL CENTRO"", SOCIEDAD ANÓNIMA DE CAPITAL VARIABLE"
transmisión,adquirente,"...dona a ""ASOCIACIÓN DE APOYO A LA COMUNIDAD"", ASOCIACIÓN CIVIL, quien adquiere para sí, libre de gravámen -> ""ASOCIACIÓN DE APOYO A LA COMUNIDAD"", ASOCIACIÓN CIVIL"
transmisión,adquirente,"...transfiere a ""TELECOMUNICACIONES DEL PACÍFICO"", SOCIEDAD ANÓNIMA DE CAPITAL VARIABLE, quien adquiere para sí, libre de gravámen -> ""TELECOMUNICACIONES DEL PACÍFICO"", SOCIEDAD ANÓNIMA DE CAPITAL VARIABLE"
transmisión,adquirente,"...adjudica a Luis Fernando Martínez González, quien adquiere para sí, libre de gravámen -> Luis Fernando Martínez González"
transmisión,adquirente,"...vende a ""INMOBILIARIA DEL SUR"", SOCIEDAD ANÓNIMA DE CAPITAL VARIABLE, quien adquiere para sí, libre de gravámen -> ""INMOBILIARIA DEL SUR"", SOCIEDAD ANÓNIMA DE CAPITAL VARIABLE"
transmisión,adquirente,"...dona a Alejandro Gómez López y Sofía Rodríguez Hernández, quienes adquieren para sí, libre de gravámen -> Alejandro Gómez López y Sofía Rodríguez Hernández"
transmisión,adquirente,"...transfiere a ""CONSTRUCCIONES Y DESARROLLOS DEL SUR"", SOCIEDAD ANÓNIMA DE CAPITAL VARIABLE, quien adquiere para sí, libre de gravámen -> ""CONSTRUCCIONES Y DESARROLLOS DEL SUR"", SOCIEDAD ANÓNIMA DE CAPITAL VARIABLE"
transmisión,adquirente,"...vende a Marco Antonio López Díaz, quien adquiere para sí libre de gravámen -> Marco Antonio López Díaz"
transmisión,adquirente,"...dona a ""FUNDACIÓN DE APOYO A LA EDUCACIÓN"", ASOCIACIÓN CIVIL, quien adquiere para sí, libre de gravámen -> ""FUNDACIÓN DE APOYO A LA EDUCACIÓN"", ASOCIACIÓN CIVIL"
transmisión,adquirente,"...transfiere a ""EMPRESA DE SERVICIOS DEL PACÍFICO"", SOCIEDAD ANÓNIMA DE CAPITAL VARIABLE, quien adquiere para sí, libre de gravámen -> ""EMPRESA DE SERVICIOS DEL PACÍFICO"", SOCIEDAD ANÓNIMA DE CAPITAL VARIABLE"
precio,adquirente,"...adjudica a Ana María García Ramírez, quien adquiere para sí, libre de gravámen -> Ana María García Ramírez"
precio,adquirente,"...vende a ""INMOBILIARIA DEL CENTRO"", SOCIEDAD ANÓNIMA DE CAPITAL VARIABLE, quien adquiere para sí, libre de gravámen -> ""INMOBILIARIA DEL CENTRO"", SOCIEDAD ANÓNIMA DE CAPITAL VARIABLE"
precio,adquirente,"...dona a Juan Carlos López Pérez y Laura Gómez González, quienes adquieren para sí, libre de gravámen -> Juan Carlos López Pérez y Laura Gómez González"
precio,adquirente,"...transfiere a ""TELECOMUNICACIONES DEL CENTRO"", SOCIEDAD ANÓNIMA DE CAPITAL VARIABLE, quien adquiere para sí, libre de gravámen -> ""TELECOMUNICACIONES DEL CENTRO"", SOCIEDAD ANÓNIMA DE CAPITAL VARIABLE"
precio,adquirente,"...vende a Luis Alberto Gómez López, quien adquiere para sí libre de gravámen -> Luis Alberto Gómez López"
precio,adquirente,"...dona a ""ASOCIACIÓN CULTURAL DEL NORTE"", ASOCIACIÓN CIVIL, quien adquiere para sí, libre de gravámen -> ""ASOCIACIÓN CULTURAL DEL NORTE"", ASOCIACIÓN CIVIL"
precio,adquirente,"...transfiere a ""CONSTRUCCIONES Y DESARROLLOS DEL PACÍFICO"", SOCIEDAD ANÓNIMA DE CAPITAL VARIABLE, quien adquiere para sí, libre de gravámen -> ""CONSTRUCCIONES Y DESARROLLOS DEL PACÍFICO"", SOCIEDAD ANÓNIMA DE CAPITAL VARIABLE"
precio,adquirente,"...adjudica a Alejandro Martínez Hernández, quien adquiere para sí, libre de gravámen -> Alejandro Martínez Hernández"
precio,adquirente,"...vende a ""INMOBILIARIA DEL PACÍFICO SUR"", SOCIEDAD ANÓNIMA DE CAPITAL VARIABLE, quien adquiere para sí, libre de gravámen -> ""INMOBILIARIA DEL PACÍFICO SUR"", SOCIEDAD ANÓNIMA DE CAPITAL VARIABLE"
precio,adquirente,"...dona a Francisco Javier Gómez Ramírez y Ana Lucía López Díaz, quienes adquieren para sí, libre de gravámen -> Francisco Javier Gómez Ramírez y Ana Lucía López Díaz"
precio,descripción del inmueble,"LA CASA HABITACIÓN DE TIPO RESIDENCIAL UBICADA EN EL LOTE NÚMERO UNO, DE LA MANZANA TRES C TRES C, AL CUAL LE CORRESPONDE EL NÚMERO OFICIAL SETECIENTOS TRECE, NORTE, EN EL FRACCIONAMIENTO DENOMINADO “RESIDENCIAL EL CASTAÑO”, UBICADO EN LA CALLE PRIVADA DE LAPACHOS, COLONIA LÁZARO CÁRDENAS, MUNICIPIO DE METEPEC, ESTADO DE MÉXICO"
precio,descripción del inmueble,"la casa marcada con el número veintitrés de la Calle Magnolia y terreno que ocupa, o sea el lote número veintiocho de la manzana treinta, del Fraccionamiento San Rafael, en términos del Municipio y Distrito de Tlalnepantla, Estado de México"
precio,descripción del inmueble,"la finca urbana o casa marcada con el número veintitrés de la Calle de Álamo Dorado y terreno sobre el cual está construida, que es el lote número veintinueve, de la manzana dos, del Fraccionamiento “Los Álamos”, ubicado en términos del Municipio de Naucalpan de Juárez, Distrito de Tlalnepantla, Estado de México"
precio,descripción del inmueble,"la casa número veintiséis del Retorno Quince de la Avenida Ingeniero Jesús Galindo y Villa y el terreno en que está construida, designado como lote tres de la manzana trece Sur, de la Colonia Jardín Balbuena, Alcaldía Venustiano Carranza, Ciudad de México"
precio,descripción del inmueble,"la casa de interés social marcada con el número tres, del Condominio nueve, vivienda treinta y cinco, del Régimen de Propiedad en Condominio ubicado en calle Prolongación Benjamín Robles, construida sobre las fracciones identificadas como uno, dos, tres, cuatro, cinco, seis, siete, ocho, nueve, diez, once, doce y trece, resultantes de la lotificación en condominio, que forman parte del lote cinco, producto de la subdivisión del predio formado por los terrenos denominados “Xolache” y “El Tejocote”, ubicados en los Barrios de Santa Ana y San Mateo, en Texcoco, Estado de México, así como los elementos comunes que a dicho departamento le corresponden, equivalentes al veinticinco por ciento de indiviso"
precio,descripción del inmueble,"el departamento número ciento seis del edificio “B” (también conocido como edificio “B” guion dos), con derecho de uso exclusivo del estacionamiento número quince, de la sección dos D y de la jaula de tendido número seis B, sujeto al régimen de propiedad en condominio marcado con el número novecientos veinte de la Calzada Ermita Iztapalapa, ubicado en el Barrio de Santa Bárbara, Alcaldía Iztapalapa, Código Postal cero nueve mil, Ciudad de México, así como los elementos comunes que a dicho departamento le corresponden, equivalentes al punto sesenta y dos mil novecientos diecisiete diezmilésimos por ciento de indiviso"
precio,descripción del inmueble,"LA CASA MARCADA CON EL NÚMERO OFICIAL CINCUENTA Y CINCO DE LA CALLE BOULEVARD DE LAS NACIONES Y TERRENO QUE OCUPA O SEA EL LOTE ONCE DE LA MANZANA OCHENTA DEL FRACCIONAMIENTO VALLE DORADO EN EL MUNICIPIO DE TLALNEPANTLA, ESTADO DE MÉXICO"
precio,descripción del inmueble,"EL INMUEBLE MARCADO CON EL NÚMERO TRESCIENTOS SESENTA Y DOS, DE LA AVENIDA RÍO CHURUBUSCO Y TERRENO QUE OCUPA, QUE ES LA FRACCIÓN “A” RESULTANTE DE LA SUBDIVISIÓN DEL LOTE DE TERRENO NÚMERO CUATRO DE LA MANZANA CUARENTA Y SIETE, EN LA COLONIA DEL CARMEN, ALCALDÍA COYOACÁN, CÓDIGO POSTAL CERO CUATRO MIL CIEN, CIUDAD DE MÉXICO"
precio,descripción del inmueble,"la finca urbana o casa marcada con el número veintitrés de la Calle de Álamo Dorado y terreno sobre el cual está construida, que es el lote número veintinueve, de la manzana dos, del Fraccionamiento “Los Álamos”, ubicado en términos del Municipio de Naucalpan de Juárez, Distrito de Tlalnepantla, Estado de México"
precio,descripción del inmueble,"el departamento número mil doscientos cuatro, del edificio marcado como Torre “E”, así como el derecho a uso de los cajones de estacionamiento marcados con los números cuatro y cinco, ubicados en el sótano uno y ciento nueve, ubicado en el sótano dos, así como la bodega número diecisiete, ubicada en el sótano dos, del conjunto urbano denominado “La Enramada, Espacio Residencial”, ubicado en Calle Portón de las Flores número treinta y seis, el cual se encuentra construido sobre el lote de terreno número dos de la manzana cinco romano, Colonia Lomas Country Club, Municipio de Huixquilucan Estado de México y elementos comunes que le corresponden"
precio,descripción del inmueble,"la casa marcada con el número catorce de la Calle de las Flores y terreno que ocupa, o sea el lote número diecisiete de la manzana cinco, del Fraccionamiento El Jardín, en términos del Municipio de Cuautitlán Izcalli, Estado de México"
precio,descripción del inmueble,"la finca urbana o casa marcada con el número treinta y cinco de la Calle de los Árboles y terreno sobre el cual está construida, que es el lote número cuarenta y uno, de la manzana tres, del Fraccionamiento “El Bosque”, ubicado en términos del Municipio de Toluca, Estado de México"
precio,descripción del inmueble,"la casa número cuarenta y dos del Retorno Diez de la Avenida Principal y el terreno en que está construida, designado como lote nueve de la manzana diez Norte, de la Colonia San Juan, Alcaldía Gustavo A. Madero, Ciudad de México"
precio,descripción del inmueble,"la casa de interés social marcada con el número cinco, del Condominio diez, vivienda cuarenta y nueve, del Régimen de Propiedad en Condominio ubicado en calle Prolongación Eje Central, construida sobre las fracciones identificadas como catorce, quince, dieciséis, diecisiete, dieciocho, diecinueve, veinte, veintiuno, veintidós, veintitrés, veinticuatro, veinticinco, veintiséis, veintisiete, veintiocho, veintinueve, treinta, resultantes de la lotificación en condominio, que forman parte del lote siete, producto de la subdivisión del predio formado por los terrenos denominados “La Joya” y “El Mirador”, ubicados en los Barrios de San Juan y San Mateo, en Toluca, Estado de México, así como los elementos comunes que a dicho departamento le corresponden, equivalentes al treinta por ciento de indiviso"
precio,descripción del inmueble,"el departamento número doscientos veinticinco del edificio “C” (también conocido como edificio “C” guion tres), con derecho de uso exclusivo del estacionamiento número veintidós, de la sección tres D y de la jaula de tendido número siete C, sujeto al régimen de propiedad en condominio marcado con el número mil doscientos veinte de la Calzada de Tlalpan, ubicado en el Barrio de San Andrés, Alcaldía Coyoacán, Código Postal cero cuatro mil doscientos, Ciudad de México, así como los elementos comunes que a dicho departamento le corresponden, equivalentes al punto setenta y cinco mil ochocientos dieciocho diezmilésimos por ciento de indiviso"
precio,descripción del inmueble,"LA CASA MARCADA CON EL NÚMERO OFICIAL SETENTA Y CINCO DE LA CALLE BOULEVARD DE LAS PALMAS Y TERRENO QUE OCUPA O SEA EL LOTE DIECISIETE DE LA MANZANA OCHENTA Y DOS DEL FRACCIONAMIENTO VALLE VERDE EN EL MUNICIPIO DE TLALNEPANTLA, ESTADO DE MÉXICO"
precio,descripción del inmueble,"EL INMUEBLE MARCADO CON EL NÚMERO CUATROCIENTOS VEINTIDÓS, DE LA AVENIDA RÍO LERMA Y TERRENO QUE OCUPA, QUE ES LA FRACCIÓN “B” RESULTANTE DE LA SUBDIVISIÓN DEL LOTE DE TERRENO NÚMERO SEIS DE LA MANZANA CINCUENTA Y OCHO, EN LA COLONIA DEL VALLE, ALCALDÍA BENITO JUÁREZ, CÓDIGO POSTAL CERO TRECE MIL SEISCIENTOS, CIUDAD DE MÉXICO"
precio,descripción del inmueble,"la finca urbana o casa marcada con el número treinta y cinco de la Calle de las Acacias y terreno sobre el cual está construida, que es el lote número cuarenta y tres, de la manzana cuatro, del Fraccionamiento “El Pinar”, ubicado en términos del Municipio de Cuernavaca, Estado de Morelos"
precio,descripción del inmueble,"el departamento número mil cuatrocientos once, del edificio marcado como Torre “F”, así como el derecho a uso de los cajones de estacionamiento marcados con los números seis y siete, ubicados en el sótano tres y ciento diez, ubicado en el sótano cuatro, así como la bodega número dieciocho, ubicada en el sótano cuatro, del conjunto urbano denominado “La Colina, Espacio Residencial”, ubicado en Calle Portón de las Lomas número cuarenta y ocho, el cual se encuentra construido sobre el lote de terreno número tres de la manzana seis romano, Colonia Lomas de Chapultepec, Municipio de Miguel Hidalgo, Ciudad de México y elementos comunes que le corresponden"
precio,descripción del inmueble,"la casa marcada con el número veinticinco de la Calle de las Gardenias y terreno que ocupa, o sea el lote número treinta y uno de la manzana siete, del Fraccionamiento El Jardín, en términos del Municipio de Cuautitlán Izcalli, Estado de México"
precio,descripción del inmueble,"la finca urbana o casa marcada con el número cuarenta y dos de la Calle de los Cedros y terreno sobre el cual está construida, que es el lote número cincuenta y uno, de la manzana cinco, del Fraccionamiento “El Bosque”, ubicado en términos del Municipio de Toluca, Estado de México"
precio,descripción del inmueble,"la casa número cincuenta y dos del Retorno Doce de la Avenida Principal y el terreno en que está construida, designado como lote once de la manzana once Norte, de la Colonia San Juan, Alcaldía Gustavo A. Madero, Ciudad de México"
precio,descripción del inmueble,"la casa de interés social marcada con el número siete, del Condominio once, vivienda cincuenta y nueve, del Régimen de Propiedad en Condominio ubicado en calle Prolongación Eje Central, construida sobre las fracciones identificadas como veintiuno, veintidós, veintitrés, veinticuatro, veinticinco, veintiséis, veintisiete, veintiocho, veintinueve, treinta, treinta y uno, treinta y dos, treinta y tres, treinta y cuatro, treinta y cinco, treinta y seis, treinta y siete, treinta y ocho, treinta y nueve, cuarenta, resultantes de la lotificación en condominio, que forman parte del lote ocho, producto de la subdivisión del predio formado por los terrenos denominados “La Joya” y “El Mirador”, ubicados en los Barrios de San Juan y San Mateo, en Toluca, Estado de México, así como los elementos comunes que a dicho departamento le corresponden, equivalentes al cuarenta por ciento de indiviso"
precio,descripción del inmueble,"el departamento número trescientos treinta y cinco del edificio “D” (también conocido como edificio “D” guion cuatro), con derecho de uso exclusivo del estacionamiento número veintitrés, de la sección cuatro D y de la jaula de tendido número ocho D, sujeto al régimen de propiedad en condominio marcado con el número mil trescientos veinte de la Calzada de Tlalpan, ubicado en el Barrio de San Andrés, Alcaldía Coyoacán, Código Postal cero cuatro mil doscientos, Ciudad de México, así como los elementos comunes que a dicho departamento le corresponden, equivalentes al punto ochenta y cinco mil novecientos dieciocho diezmilésimos por ciento de indiviso"
precio,descripción del inmueble,"LA CASA MARCADA CON EL NÚMERO OFICIAL NOVENTA Y CINCO DE LA CALLE BOULEVARD DE LAS PALMAS Y TERRENO QUE OCUPA O SEA EL LOTE DIECINUEVE DE LA MANZANA OCHENTA Y TRES DEL FRACCIONAMIENTO VALLE VERDE EN EL MUNICIPIO DE TLALNEPANTLA, ESTADO DE MÉXICO"
precio,descripción del inmueble,"EL INMUEBLE MARCADO CON EL NÚMERO CUATROCIENTOS TREINTA Y DOS, DE LA AVENIDA RÍO LERMA Y TERRENO QUE OCUPA, QUE ES LA FRACCIÓN “C” RESULTANTE DE LA SUBDIVISIÓN DEL LOTE DE TERRENO NÚMERO SIETE DE LA MANZANA CINCUENTA Y NUEVE, EN LA COLONIA DEL VALLE, ALCALDÍA BENITO JUÁREZ, CÓDIGO POSTAL CERO TRECE MIL SEISCIENTOS, CIUDAD DE MÉXICO"
precio,descripción del inmueble,"la finca urbana o casa marcada con el número cuarenta y cinco de la Calle de las Acacias y terreno sobre el cual está construida, que es el lote número cuarenta y cinco, de la manzana cinco, del Fraccionamiento “El Pinar”, ubicado en términos del Municipio de Cuernavaca, Estado de Morelos"
precio,descripción del inmueble,"el departamento número mil quinientos once, del edificio marcado como Torre “G”, así como el derecho a uso de los cajones de estacionamiento marcados con los números ocho y nueve, ubicados en el sótano cinco y ciento once, ubicado en el sótano seis, así como la bodega número diecinueve, ubicada en el sótano seis, del conjunto urbano denominado “La Colina, Espacio Residencial”, ubicado en Calle Portón de las Lomas número cincuenta y dos, el cual se encuentra construido sobre el lote de terreno número cuatro de la manzana siete romano, Colonia Lomas de Chapultepec, Municipio de Miguel Hidalgo, Ciudad de México y elementos comunes que le corresponden"
precio,descripción del inmueble,"la casa marcada con el número treinta de la Calle de las Gardenias y terreno que ocupa, o sea el lote número treinta y dos de la manzana ocho, del Fraccionamiento El Jardín, en términos del Municipio de Cuautitlán Izcalli, Estado de México"
precio,descripción del inmueble,"la finca urbana o casa marcada con el número cuarenta y siete de la Calle de los Cedros y terreno sobre el cual está construida, que es el lote número cincuenta y tres, de la manzana seis, del Fraccionamiento “El Bosque”, ubicado en términos del Municipio de Toluca, Estado de México"
precio,descripción del inmueble,"la casa número sesenta y dos del Retorno Trece de la Avenida Principal y el terreno en que está construida, designado como lote doce de la manzana doce Norte, de la Colonia San Juan, Alcaldía Gustavo A. Madero, Ciudad de México"
precio,descripción del inmueble,"la casa de interés social marcada con el número nueve, del Condominio doce, vivienda sesenta y nueve, del Régimen de Propiedad en Condominio ubicado en calle Prolongación Eje Central, construida"
precio,precio,"UN MILLÓN OCHOCIENTOS MIL PESOS, MONEDA NACIONAL"
precio,precio,"TRES MILLONES CIENTO CINCUENTA MIL PESOS, MONEDA NACIONAL"
precio,precio,"CINCO MILLONES DOSCIENTOS MIL PESOS, MONEDA NACIONAL"
precio,precio,"TRES MILLONES CINCUENTA MIL PESOS, MONEDA NACIONAL"
precio,precio,"DOS MILLONES SEISCIENTOS DIECISIETE MIL PESOS, MONEDA NACIONAL"
precio,precio,"CUATRO MILLONES TRESCIENTOS MIL PESOS, MONEDA NACIONAL"
precio,precio,"SEIS MILLONES DOSCIENTOS CINCUENTA MIL PESOS, MONEDA NACIONAL"
precio,precio,"OCHO MILLONES SEISCIENTOS MIL PESOS, MONEDA NACIONAL"
generales,precio,"UN MILLÓN QUINIENTOS MIL PESOS, MONEDA NACIONAL"
generales,precio,"CINCO MILLONES SEISCIENTOS MIL PESOS, MONEDA NACIONAL"
generales,precio,"TRES MILLONES DOSCIENTOS MIL PESOS, MONEDA NACIONAL"
generales,precio,"DOS MILLONES NOVECIENTOS MIL PESOS, MONEDA NACIONAL"
generales,precio,"SEIS MILLONES CINCUENTA MIL PESOS, MONEDA NACIONAL"
generales,precio,"CUATRO MILLONES SETECIENTOS MIL PESOS, MONEDA NACIONAL"
generales,precio,"OCHO MILLONES DOSCIENTOS MIL PESOS, MONEDA NACIONAL"
generales,precio,"UN MILLÓN DOSCIENTOS MIL PESOS, MONEDA NACIONAL"
generales,precio,"CINCO MILLONES TRESCIENTOS MIL PESOS, MONEDA NACIONAL"
generales,precio,"TRES MILLONES CUATROCIENTOS MIL PESOS, MONEDA NACIONAL"
generales,precio,"DOS MILLONES QUINIENTOS MIL PESOS, MONEDA NACIONAL"
generales,precio,"SEIS MILLONES SEISCIENTOS MIL PESOS, MONEDA NACIONAL"
generales,precio,"CUATRO MILLONES CINCO MIL PESOS, MONEDA NACIONAL"
generales,precio,"OCHO MILLONES SEISCIENTOS CINCUENTA MIL PESOS, MONEDA NACIONAL"
generales,precio,"UN MILLÓN SEISCIENTOS MIL PESOS, MONEDA NACIONAL"
generales,precio,"CINCO MILLONES SEISCIENTOS CINCUENTA MIL PESOS, MONEDA NACIONAL"
generales,precio,"TRES MILLONES SEISCIENTOS MIL PESOS, MONEDA NACIONAL"
generales,precio,"DOS MILLONES SETECIENTOS MIL PESOS, MONEDA NACIONAL"
generales,precio,"SEIS MILLONES DOSCIENTOS MIL PESOS, MONEDA NACIONAL"
generales,precio,"CUATRO MILLONES NOVECIENTOS MIL PESOS, MONEDA NACIONAL"
generales,precio,"OCHO MILLONES CUATROCIENTOS MIL PESOS, MONEDA NACIONAL"
,precio,"UN MILLÓN TRESCIENTOS MIL PESOS, MONEDA NACIONAL"
,precio,"DOS MILLONES DOSCIENTOS MIL PESOS, MONEDA NACIONAL"
,precio,"CUATRO MILLONES SEISCIENTOS MIL PESOS, MONEDA NACIONAL"
,precio,"SEIS MILLONES CUATROCIENTOS MIL PESOS, MONEDA NACIONAL"
,precio,"OCHO MILLONES SEISCIENTOS MIL PESOS, MONEDA NACIONAL"
,precio,"UN MILLÓN CUATROCIENTOS MIL PESOS, MONEDA NACIONAL"
,precio,"CINCO MILLONES DOSCIENTOS CINCUENTA MIL PESOS, MONEDA NACIONAL"
,precio,"TRES MILLONES SEISCIENTOS CINCUENTA MIL PESOS, MONEDA NACIONAL"
,precio,"DOS MILLONES OCHOCIENTOS MIL PESOS, MONEDA NACIONAL"
,precio,"SEIS MILLONES SEISCIENTOS CINCUENTA MIL PESOS, MONEDA NACIONAL"
,precio,"CUATRO MILLONES DOSCIENTOS MIL PESOS, MONEDA NACIONAL"
,precio,"OCHO MILLONES SEISCIENTOS MIL PESOS, MONEDA NACIONAL"
,precio,"UN MILLÓN QUINIENTOS CINCUENTA MIL PESOS, MONEDA NACIONAL"
,precio,"CINCO MILLONES SEISCIENTOS CINCO MIL PESOS, MONEDA NACIONAL"
,precio,"TRES MILLONES SEISCIENTOS CINCO MIL PESOS, MONEDA NACIONAL"
,precio,"DOS MILLONES NOVECIENTOS CINCUENTA MIL PESOS, MONEDA NACIONAL"
,precio,"SEIS MILLONES SEISCIENTOS CINCO MIL PESOS, MONEDA NACIONAL"
,precio,"CUATRO MILLONES SEISCIENTOS CINCO MIL PESOS, MONEDA NACIONAL"
,precio,"OCHO MILLONES SEISCIENTOS CINCO MIL PESOS, MONEDA NACIONAL"
,precio,"UN MILLÓN SEISCIENTOS CINCUENTA MIL PESOS, MONEDA NACIONAL"
,precio,"CINCO MILLONES SEISCIENTOS CINCO MIL PESOS, MONEDA NACIONAL"
,estado civil,Soltera
,estado civil,Soltera por viudez
,estado civil,Soltera por divorcio
,estado civil,Divorciada
,estado civil,Viuda
,estado civil,Casada
,estado civil,"Casada, bajo el régimen patrimonial de separación de bienes"
,estado civil,"Casada, por separación de bienes"
,estado civil,"Casada, bajo el régimen patrimonial de sociedad en conyugal"
,estado civil,Casada en sociedad conyugal / Casada por sociedad conyugal
,estado civil,Soltero
,estado civil,Soltero por viudez
,estado civil,Soltero por divorcio
,estado civil,Divorciado
,estado civil,Viudo
,estado civil,Casado
,estado civil,"Casado, bajo el régimen patrimonial de separación de bienes"
,estado civil,"Casado, por separación de bienes"
,estado civil,"Casado, bajo el régimen patrimonial de sociedad en conyugal"
,estado civil,Casado en sociedad conyugal
,estado civil,Casado por sociedad conyugal
